Type,Coverage,OdName,AREA,AreaName,REG,RegName,DEV,DevName,1980,1981,1982,1983,1984,1985,1986,1987,1988,1989,1990,1991,1992,1993,1994,1995,1996,1997,1998,1999,2000,2001,2002,2003,2004,2005,2006,2007,2008,2009,2010,2011,2012,2013
Emigrants,Foreigners,Afghanistan,935,Asia,5501,Southern Asia,902,Developing regions,1,0,1,0,0,0,0,1,1,1,1,0,0,5,0,4,1,1,0,3,0,3,6,11,15,23,22,19,16,23,28,15,10,4
Emigrants,Foreigners,Albania,908,Europe,925,Southern Europe,,Developed regions,0,0,0,0,0,0,0,0,0,0,0,0,0,1,0,3,11,2,4,1,0,3,0,4,1,1,0,5,0,0,1,5,2,0
Emigrants,Foreigners,Algeria,903,Africa,912,Northern Africa,902,Developing regions,5,1,1,1,0,1,0,0,2,1,1,0,0,1,0,1,0,0,0,0,0,2,2,1,0,1,0,0,0,3,2,0,8,0
Emigrants,Foreigners,American Samoa,909,Oceania,957,Polynesia,902,Developing regions,64,37,17,9,33,16,37,35,68,53,43,37,41,34,44,25,20,33,48,45,29,65,33,51,35,38,20,17,26,21,16,12,29,13
Emigrants,Foreigners,Andorra,908,Europe,925,Southern Europe,901,Developed regions,0,1,0,0,1,0,0,0,0,0,0,1,0,2,0,0,0,0,1,0,2,4,2,0,0,1,1,0,2,0,0,0,0,0
Emigrants,Foreigners,Angola,903,Africa,911,Middle Africa,902,Developing regions,0,0,0,0,0,0,0,0,0,0,0,2,5,1,1,1,4,3,1,0,1,7,2,0,5,3,0,0,6,1,2,0,1,0
Emigrants,Foreigners,Anguilla,904,Latin America and the Caribbean,915,Caribbean,902,Developing regions,0,0,0,0,0,0,0,0,0,1,0,1,0,0,0,0,1,0,0,0,0,0,0,0,1,0,0,0,1,0,0,0,0,0
Emigrants,Foreigners,Antigua and Barbuda,904,Latin America and the Caribbean,915,Caribbean,,Developing regions,0,0,1,0,0,0,0,0,0,0,1,0,1,1,6,1,2,1,0,1,0,1,2,3,0,0,0,2,1,1,0,1,0,0
Emigrants,Foreigners,Argentina,904,Latin America and the Caribbean,931,South America,902,Developing regions,13,13,13,1,1,15,4,17,22,19,17,20,31,33,60,47,38,74,49,46,52,35,29,48,72,92,98,107,118,150,186,162,180,181
Emigrants,Foreigners,Armenia,935,Asia,922,Western Asia,902,Developing regions,0,0,0,0,0,0,0,0,0,0,0,0,0,0,1,3,1,0,0,0,0,2,3,0,0,0,0,3,2,0,0,1,1,0
Emigrants,Foreigners,Aruba,904,Latin America and the Caribbean,915,Caribbean,902,Developing regions,0,0,0,0,0,0,0,0,0,0,0,0,0,0,0,0,0,1,0,0,0,0,1,0,0,0,0,0,0,0,1,3,0,0
Emigrants,Foreigners,Australia,909,Oceania,927,Australia and New Zealand,901,Developed regions,40250,39097,27200,14485,18517,30722,35708,34921,45088,33929,19608,15359,16036,15535,18828,21512,23601,26030,28469,33875,38248,36033,25070,24569,28938,34766,34015,41634,48452,32755,36830,51054,53676,39154
Emigrants,Foreigners,Austria,908,Europe,926,Western Europe,901,Developed regions,37,31,28,32,20,28,31,29,31,45,43,74,47,49,32,46,51,30,34,37,56,48,39,55,73,72,76,91,67,72,98,97,98,104
Emigrants,Foreigners,Azerbaijan,935,Asia,922,Western Asia,902,Developing regions,0,0,0,0,0,0,0,0,0,0,0,0,0,0,1,3,1,2,1,3,6,0,3,2,0,6,0,2,1,0,3,0,2,2
Emigrants,Foreigners,Bahamas,904,Latin America and the Caribbean,915,Caribbean,902,Developing regions,6,2,3,7,1,4,9,1,7,15,1,1,3,3,12,11,5,9,2,2,3,4,6,0,7,3,2,7,1,7,0,1,7,1
Emigrants,Foreigners,Bahrain,935,Asia,922,Western Asia,902,Developing regions,17,17,47,74,36,11,22,18,21,24,26,62,66,37,40,25,14,11,27,17,17,18,8,12,37,22,29,59,78,66,39,22,15,23
Emigrants,Foreigners,Bangladesh,935,Asia,5501,Southern Asia,902,Developing regions,10,14,5,8,6,29,26,11,5,29,23,13,10,19,21,36,25,26,23,16,28,29,25,33,38,36,24,26,25,18,24,38,31,14
Emigrants,Foreigners,Barbados,904,Latin America and the Caribbean,915,Caribbean,902,12,7,16,13,22,6,2,0,0,2,2,2,5,1,11,5,4,3,7,9,3,4,2,2,1,0,1,5,3,5,2,2,3,1,1
Emigrants,Foreigners,Belarus,908,Europe,923,Eastern Europe,901,Developed regions,0,0,0,0,0,0,0,0,0,0,0,0,0,0,0,0,12,2,0,0,0,0,0,3,3,5,0,1,3,0,0,2,0,1
Emigrants,Foreigners,Belgium,908,Europe,926,Western Europe,901,Developed regions,29,35,13,16,27,13,22,17,44,11,60,31,48,35,40,38,52,63,76,56,76,52,61,49,55,54,70,58,76,91,91,82,79,78
Emigrants,Foreigners,Belize,904,Latin America and the Caribbean,916,Central America,902,Developing regions,3,2,5,5,0,0,0,0,2,4,0,1,6,1,1,3,2,0,4,6,6,0,0,2,1,1,2,2,4,6,4,0,2,1
Emigrants,Foreigners,Benin,903,Africa,914,Western Africa,902,Developing regions,0,0,3,4,0,0,0,0,0,0,5,0,1,0,1,3,3,1,1,0,0,0,0,0,0,0,2,0,0,1,0,0,1,0
Emigrants,Foreigners,Bermuda,905,Northern America,905,Northern America,901,Developed regions,13,15,3,2,12,10,2,9,2,10,4,11,9,12,11,16,7,12,7,18,12,13,9,13,18,8,17,17,7,5,11,11,0,3
Emigrants,Foreigners,Bhutan,935,Asia,5501,Southern Asia,902,Developing regions,1,6,1,0,1,3,4,6,13,5,15,8,5,0,9,4,5,1,1,5,4,1,4,5,8,12,10,11,4,2,0,0,1,3
Emigrants,Foreigners,Bolivia (Plurinational State of),904,Latin America and the Caribbean,931,South America,902,Developing regions,2,13,3,1,10,5,0,10,2,0,3,11,4,9,17,8,15,18,11,15,33,12,5,7,8,12,7,5,9,11,18,8,11,29
Emigrants,Foreigners,Bosnia and Herzegovina,908,Europe,925,Southern Europe,901,Developed regions,0,0,0,0,0,0,0,0,0,0,0,0,0,1,9,5,6,6,10,7,6,8,7,2,5,5,6,3,5,4,0,0,0,4
Emigrants,Foreigners,Botswana,903,Africa,913,Southern Africa,902,Developing regions,10,2,4,6,0,0,4,9,3,7,13,6,8,3,6,7,5,7,6,14,9,12,4,14,11,8,8,5,10,2,9,3,7,8
Emigrants,Foreigners,Brazil,904,Latin America and the Caribbean,931,South America,902,Developing regions,30,26,20,15,11,14,27,48,37,39,43,64,58,58,75,51,84,67,97,79,62,96,88,131,156,213,261,257,413,453,488,340,306,245
Emigrants,Foreigners,British Virgin Islands,904,Latin America and the Caribbean,915,Caribbean,902,Developing regions,0,0,0,0,0,0,0,0,2,0,6,0,0,0,5,1,1,2,2,0,5,7,4,2,5,2,2,4,3,1,3,1,1,3
Emigrants,Foreigners,Brunei Darussalam,935,Asia,920,South-Eastern Asia,902,Developing regions,35,27,42,18,25,25,26,57,41,52,24,35,54,107,191,62,200,123,52,55,34,37,51,30,45,37,45,56,16,68,81,62,57,79
Emigrants,Foreigners,Bulgaria,908,Europe,923,Eastern Europe,901,Developed regions,3,1,0,3,0,0,0,0,0,0,0,3,4,5,3,0,3,1,2,8,3,11,4,5,12,8,6,13,15,17,11,8,9,6
Emigrants,Foreigners,Burkina Faso,903,Africa,914,Western Africa,902,Developing regions,0,0,1,0,1,0,0,0,0,0,0,4,0,0,0,0,0,6,0,1,4,6,0,0,0,1,0,2,1,0,0,0,0,0
Emigrants,Foreigners,Burundi,903,Africa,910,Eastern Africa,902,Developing regions,0,0,0,0,0,0,0,0,5,0,1,0,0,2,0,1,0,0,2,0,0,0,0,0,1,1,5,3,7,2,8,2,0,0
Emigrants,Foreigners,Cabo Verde,903,Africa,914,Western Africa,902,Developing regions,0,0,0,0,0,0,0,0,0,0,0,0,0,0,0,4,0,0,0,0,0,0,0,1,0,0,0,1,0,0,0,0,0,0
Emigrants,Foreigners,Cambodia,935,Asia,920,South-Eastern Asia,902,Developing regions,0,1,0,0,0,0,0,0,0,0,2,3,34,24,25,8,16,32,25,47,27,24,42,36,60,50,35,66,56,61,73,96,69,91
Emigrants,Foreigners,Cameroon,903,Africa,911,Middle Africa,902,Developing regions,0,2,4,0,0,3,1,0,3,0,0,0,0,0,0,4,0,0,1,0,0,6,4,1,0,2,0,1,1,2,2,4,2,4
Emigrants,Foreigners,Canada,905,Northern America,905,Northern America,901,Developed regions,1340,1161,734,566,570,697,747,840,1105,1002,973,971,856,760,673,803,761,880,1020,1006,1077,1194,1113,1222,1247,1485,1440,1542,1742,1660,1546,1521,1580,1691
Emigrants,Foreigners,Cayman Islands,904,Latin America and the Caribbean,915,Caribbean,902,Developing regions,3,0,0,0,1,0,1,3,4,7,2,2,3,0,4,1,8,5,6,5,11,15,4,4,7,11,25,20,22,8,9,14,16,7
Emigrants,Foreigners,Central African Republic,903,Africa,911,Middle Africa,902,Developing regions,0,0,0,0,0,0,0,0,0,0,0,0,0,0,0,0,0,0,0,1,0,0,0,0,0,0,0,0,0,0,0,0,0,0
Emigrants,Foreigners,Chad,903,Africa,911,Middle Africa,902,Developing regions,0,4,0,0,0,4,0,0,0,0,0,0,0,0,0,1,0,0,1,0,0,0,0,0,0,3,1,0,2,0,0,0,0,0
Emigrants,Foreigners,Chile,904,Latin America and the Caribbean,931,South America,902,Developing regions,15,32,32,29,23,21,12,40,38,43,45,39,69,46,72,51,88,54,38,42,52,54,48,83,104,118,132,156,229,305,299,254,273,231
Emigrants,Foreigners,China,935,Asia,906,Eastern Asia,902,Developing regions,40,66,84,91,65,91,98,87,152,92,82,196,254,200,221,283,292,362,410,451,692,862,1186,1988,3319,2986,2443,2391,2352,2175,2609,2713,2475,2464
Emigrants,Foreigners,"China, Hong Kong Special Administrative Region",935,Asia,906,Eastern Asia,902,Developing regions,283,300,240,184,147,182,147,199,260,277,351,420,503,490,516,508,552,622,517,539,674,557,522,398,480,482,446,479,444,339,394,430,415,357
Emigrants,Foreigners,"China, Macao Special Administrative Region",935,Asia,906,Eastern Asia,902,Developing regions,22,6,1,0,1,0,0,0,1,9,2,3,14,15,8,18,14,10,22,8,11,16,13,7,7,8,27,17,15,10,14,10,12,16
Emigrants,Foreigners,Colombia,904,Latin America and the Caribbean,931,South America,902,Developing regions,4,20,2,2,3,10,11,2,3,3,5,6,2,6,5,11,7,16,13,8,13,5,18,13,12,17,18,13,19,25,26,19,28,29
Emigrants,Foreigners,Comoros,903,Africa,910,Eastern Africa,902,Developing regions,0,0,0,0,0,0,0,0,0,0,0,0,0,0,0,0,1,0,0,0,0,0,0,0,1,0,0,0,0,0,0,0,0,0
Emigrants,Foreigners,Congo,903,Africa,911,Middle Africa,902,Developing regions,0,0,4,0,0,0,0,0,0,0,2,0,2,0,0,0,0,0,0,0,0,0,0,0,0,8,1,0,1,3,1,1,0,3
Emigrants,Foreigners,Cook Islands,909,Oceania,957,Polynesia,902,Developing regions,634,480,436,413,427,368,486,476,506,473,460,488,603,394,426,305,225,177,291,276,320,450,322,400,379,397,339,392,316,250,303,301,261,284
Emigrants,Foreigners,Costa Rica,904,Latin America and the Caribbean,916,Central America,902,Developing regions,7,0,1,0,0,2,0,3,10,10,16,5,19,5,20,22,18,18,11,25,16,10,10,11,6,9,3,9,8,9,12,17,13,11
Emigrants,Foreigners,C?te d'Ivoire,903,Africa,914,Western Africa,902,Developing regions,0,0,3,4,0,0,0,0,1,0,1,6,0,5,2,3,1,2,0,0,0,0,1,0,0,2,0,0,0,1,1,0,0,0
Emigrants,Foreigners,Croatia,908,Europe,925,Southern Europe,901,Developed regions,0,0,0,0,0,0,0,0,0,0,0,0,0,10,21,20,41,45,30,24,27,45,16,22,28,30,22,40,21,10,21,9,12,16
Emigrants,Foreigners,Cuba,904,Latin America and the Caribbean,915,Caribbean,902,Developing regions,0,1,0,0,0,0,0,0,0,0,0,0,0,0,0,0,0,2,0,1,2,0,0,0,2,0,0,1,0,0,0,1,2,1
Emigrants,Foreigners,Cyprus,935,Asia,922,Western Asia,902,Developing regions,16,13,2,1,12,9,7,6,12,14,7,18,12,6,12,9,14,6,3,1,7,5,9,12,17,7,6,5,9,8,8,11,3,4
Emigrants,Foreigners,Czech Republic,908,Europe,923,Eastern Europe,901,Developed regions,0,0,0,0,0,0,0,0,0,0,0,0,0,12,14,13,9,17,8,7,27,35,60,58,70,116,77,135,157,138,138,147,195,253
Emigrants,Foreigners,Democratic People's Republic of Korea,935,Asia,906,Eastern Asia,902,Developing regions,4,0,0,0,4,5,3,0,0,0,0,0,0,1,0,0,1,2,12,13,0,1,0,0,0,0,0,0,0,2,0,0,0,0
Emigrants,Foreigners,Democratic Republic of the Congo,903,Africa,911,Middle Africa,902,Developing regions,8,1,12,15,8,2,2,10,3,0,3,0,0,0,1,5,2,5,1,0,0,0,0,1,0,1,0,1,2,0,1,0,0,1
Emigrants,Foreigners,Denmark,908,Europe,924,Northern Europe,901,Developed regions,59,43,34,38,48,46,58,51,59,53,75,105,126,118,68,87,93,101,120,95,120,91,74,88,106,116,93,101,69,92,86,110,103,91
Emigrants,Foreigners,Djibouti,903,Africa,910,Eastern Africa,902,Developing regions,0,0,0,0,0,1,1,1,0,1,0,0,0,1,0,0,0,0,0,0,0,0,0,0,0,0,0,0,0,0,0,1,0,0
Emigrants,Foreigners,Dominica,904,Latin America and the Caribbean,915,Caribbean,902,Developing regions,0,0,0,0,2,1,2,0,2,1,1,0,1,0,0,0,0,0,0,0,0,0,0,0,0,0,0,0,1,0,4,0,0,0
Emigrants,Foreigners,Dominican Republic,904,Latin America and the Caribbean,915,Caribbean,902,Developing regions,3,1,0,0,0,0,0,0,0,0,2,2,1,0,0,1,0,0,2,4,0,0,0,0,1,0,1,0,0,1,1,6,0,0
Emigrants,Foreigners,Ecuador,904,Latin America and the Caribbean,931,South America,902,Developing regions,5,7,6,7,6,1,4,4,7,8,6,2,0,2,4,2,1,13,20,5,7,14,3,11,14,6,10,9,9,14,6,7,10,7
Emigrants,Foreigners,Egypt,903,Africa,912,Northern Africa,902,Developing regions,15,3,16,11,30,16,12,24,6,10,13,12,25,25,10,6,16,20,30,25,24,24,17,20,18,21,40,31,37,32,36,45,46,34
Emigrants,Foreigners,El Salvador,904,Latin America and the Caribbean,916,Central America,902,Developing regions,2,4,0,0,0,1,3,1,0,4,1,3,5,1,1,0,0,1,0,1,0,1,1,0,0,0,0,0,5,0,4,0,2,1
Emigrants,Foreigners,Equatorial Guinea,903,Africa,911,Middle Africa,902,Developing regions,0,0,0,0,0,0,0,0,0,0,0,0,0,1,0,0,0,1,0,0,0,1,0,0,0,2,0,0,0,0,0,0,0,0
Emigrants,Foreigners,Eritrea,903,Africa,910,Eastern Africa,902,Developing regions,0,0,0,0,0,0,0,0,0,0,0,0,0,0,0,1,2,0,0,2,1,8,5,0,1,3,0,2,4,0,1,0,0,0
Emigrants,Foreigners,Estonia,908,Europe,924,Northern Europe,901,Developed regions,0,0,0,0,0,0,0,0,0,0,0,0,1,1,1,1,3,0,2,1,2,7,1,2,0,1,1,4,1,6,8,7,17,19
Emigrants,Foreigners,Ethiopia,903,Africa,910,Eastern Africa,902,Developing regions,0,25,9,7,0,1,5,2,2,6,3,2,14,5,7,9,2,8,7,5,8,1,3,12,21,6,13,4,0,12,7,13,2,10
Emigrants,Foreigners,Faeroe Islands,908,Europe,924,Northern Europe,901,Developed regions,0,0,0,0,0,0,0,0,4,0,0,2,1,2,1,1,2,0,0,0,1,1,0,0,2,3,0,2,5,0,0,2,1,0
Emigrants,Foreigners,Falkland Islands (Malvinas),904,Latin America and the Caribbean,931,South America,902,Developing regions,0,20,0,6,19,0,0,2,3,6,11,14,11,2,1,7,8,6,5,0,4,11,8,7,0,9,2,3,6,3,7,1,1,1
Emigrants,Foreigners,Fiji,909,Oceania,928,Melanesia,902,Developing regions,698,496,453,356,321,364,387,330,329,377,511,597,572,489,392,314,347,356,394,479,233,283,237,361,398,409,333,276,331,594,700,610,474,451
Emigrants,Foreigners,Finland,908,Europe,924,Northern Europe,901,Developed regions,4,4,20,7,13,16,14,8,19,8,23,37,32,40,34,30,32,31,32,40,30,26,34,36,33,39,31,28,43,31,37,55,43,29
Emigrants,Foreigners,France,908,Europe,926,Western Europe,901,Developed regions,112,113,114,135,98,130,114,130,123,156,170,216,250,203,190,171,156,216,248,292,352,320,308,383,456,508,448,538,523,576,698,740,728,731
Emigrants,Foreigners,French Guiana,904,Latin America and the Caribbean,931,South America,902,Developing regions,0,0,0,0,0,0,0,0,0,0,0,0,0,0,0,0,0,0,0,1,0,0,0,0,0,0,0,0,0,0,0,0,0,0
Emigrants,Foreigners,French Polynesia,909,Oceania,957,Polynesia,902,Developing regions,14,13,24,11,21,29,31,16,29,20,27,14,15,16,14,14,21,32,14,22,25,17,15,15,25,14,21,13,22,21,31,17,15,18
Emigrants,Foreigners,Gabon,903,Africa,911,Middle Africa,902,Developing regions,0,0,3,0,1,0,0,0,0,0,0,0,1,0,0,0,0,0,0,0,0,3,1,0,0,0,1,0,4,0,4,2,0,1
Emigrants,Foreigners,Gambia,903,Africa,914,Western Africa,902,Developing regions,0,3,8,0,1,12,1,0,0,2,0,0,0,0,1,0,1,0,0,0,4,3,0,3,1,3,0,0,0,0,3,1,0,0
Emigrants,Foreigners,Georgia,935,Asia,922,Western Asia,902,Developing regions,0,0,0,0,0,0,0,0,0,0,0,0,0,0,0,1,2,7,7,1,1,0,0,1,2,0,0,1,0,2,0,3,5,3
Emigrants,Foreigners,Germany,908,Europe,926,Western Europe,901,Developed regions,191,160,140,161,126,177,191,201,262,296,280,330,419,295,323,357,347,354,391,370,427,470,470,531,584,653,773,797,908,979,1133,1074,950,1022
Emigrants,Foreigners,Ghana,903,Africa,914,Western Africa,902,Developing regions,10,0,4,2,1,7,2,3,7,9,4,4,9,6,10,3,6,18,15,3,10,14,10,4,4,8,11,12,2,6,7,9,17,9
Emigrants,Foreigners,Gibraltar,908,Europe,925,Southern Europe,901,Developed regions,0,0,0,1,0,0,3,0,1,1,1,2,4,0,0,0,0,4,1,0,1,0,0,0,0,2,0,2,1,0,0,1,1,0
Emigrants,Foreigners,Greece,908,Europe,925,Southern Europe,901,Developed regions,97,61,54,93,77,88,71,58,71,57,46,72,70,44,67,48,52,38,39,47,39,33,13,32,24,35,17,31,22,26,14,24,7,13
Emigrants,Foreigners,Greenland,905,Northern America,905,Northern America,901,Developed regions,2,0,0,0,0,0,0,2,1,0,0,0,2,0,0,2,0,0,0,0,4,2,0,0,0,2,0,0,1,0,0,3,0,0
Emigrants,Foreigners,Grenada,904,Latin America and the Caribbean,915,Caribbean,902,Developing regions,1,0,2,0,0,0,0,0,0,0,0,0,0,0,1,0,3,0,3,0,0,0,2,0,0,1,1,0,1,0,0,5,0,0
Emigrants,Foreigners,Guadeloupe,904,Latin America and the Caribbean,915,Caribbean,902,Developing regions,0,0,0,0,0,0,0,0,0,0,0,0,0,0,0,0,0,0,0,0,0,0,0,1,0,0,0,0,0,1,1,0,0,0
Emigrants,Foreigners,Guam,909,Oceania,954,Micronesia,902,Developing regions,6,7,2,4,2,1,6,5,2,12,22,47,27,19,3,2,13,3,15,8,2,12,3,15,3,1,7,2,4,9,4,4,8,7
Emigrants,Foreigners,Guatemala,904,Latin America and the Caribbean,916,Central America,902,Developing regions,15,0,1,2,4,5,0,2,0,0,0,0,4,0,10,0,4,6,5,2,6,3,5,7,4,14,5,2,1,0,3,3,2,10
Emigrants,Foreigners,Guinea,903,Africa,914,Western Africa,902,Developing regions,0,0,3,0,0,0,0,0,0,0,0,0,0,0,2,3,0,0,0,0,2,0,0,0,0,0,0,1,0,0,0,0,0,0
Emigrants,Foreigners,Guinea-Bissau,903,Africa,914,Western Africa,902,Developing regions,0,0,0,0,0,0,0,0,0,0,0,0,0,0,0,0,0,0,0,0,0,0,0,0,0,0,0,0,0,1,0,0,0,0
Emigrants,Foreigners,Guyana,904,Latin America and the Caribbean,931,South America,902,Developing regions,1,0,0,0,0,0,1,0,2,0,0,1,0,2,10,7,11,6,6,0,0,6,0,4,0,0,0,4,0,1,3,5,1,5
Emigrants,Foreigners,Haiti,904,Latin America and the Caribbean,915,Caribbean,902,Developing regions,0,1,0,0,0,0,1,0,0,0,0,4,2,0,0,0,0,0,4,0,0,0,0,0,0,0,1,1,2,0,2,1,0,0
Emigrants,Foreigners,Holy See,908,Europe,925,Southern Europe,901,Developed regions,0,0,0,0,0,0,0,0,0,0,0,0,0,1,1,0,0,0,0,0,0,0,0,0,0,0,0,0,0,0,0,0,0,0
Emigrants,Foreigners,Honduras,904,Latin America and the Caribbean,916,Central America,902,Developing regions,0,0,1,3,1,3,3,6,8,6,4,12,10,6,7,5,8,3,1,1,3,1,2,0,1,3,2,1,0,1,1,4,2,2
Emigrants,Foreigners,Hungary,908,Europe,923,Eastern Europe,901,Developed regions,3,0,1,9,7,21,3,4,10,7,16,22,19,20,16,18,18,26,20,19,22,17,27,24,54,52,34,32,37,54,57,44,31,22
Emigrants,Foreigners,Iceland,908,Europe,924,Northern Europe,901,Developed regions,2,2,8,7,2,12,8,4,8,1,6,28,11,11,4,6,6,3,9,9,6,1,10,10,6,4,10,6,12,12,11,12,9,24
Emigrants,Foreigners,India,935,Asia,5501,Southern Asia,902,Developing regions,146,141,129,125,91,107,114,102,121,125,171,383,239,241,223,204,197,254,312,289,290,276,279,414,603,622,618,656,755,937,1195,1348,1293,1334
Emigrants,Foreigners,Indonesia,935,Asia,920,South-Eastern Asia,902,Developing regions,112,143,116,116,114,127,132,99,115,129,177,294,259,247,321,299,326,307,234,242,311,312,179,190,207,275,209,198,209,224,236,239,214,220
Emigrants,Foreigners,Iran (Islamic Republic of),935,Asia,5501,Southern Asia,902,Developing regions,11,2,4,4,3,9,3,7,34,16,9,9,31,9,56,24,22,14,36,17,20,14,10,13,24,27,23,15,22,18,14,14,30,34
Emigrants,Foreigners,Iraq,935,Asia,922,Western Asia,902,Developing regions,16,14,2,14,9,14,7,6,11,2,0,0,1,3,0,1,6,0,4,11,16,15,4,23,51,46,16,10,20,14,10,8,7,15
Emigrants,Foreigners,Ireland,908,Europe,924,Northern Europe,901,Developed regions,119,59,61,59,71,53,53,59,78,111,155,130,151,98,160,130,246,334,444,463,820,1100,1152,916,791,943,970,898,755,461,430,380,487,532
Emigrants,Foreigners,Israel,935,Asia,922,Western Asia,902,Developing regions,81,56,72,56,38,67,72,77,49,77,61,89,106,96,82,85,86,75,66,90,64,59,69,42,79,89,68,58,83,76,114,80,50,57
Emigrants,Foreigners,Italy,908,Europe,925,Southern Europe,901,Developed regions,82,89,70,91,47,60,52,51,52,71,50,89,85,49,58,74,79,93,89,87,115,152,117,156,128,152,154,150,173,131,173,132,120,151
Emigrants,Foreigners,Jamaica,904,Latin America and the Caribbean,915,Caribbean,902,Developing regions,3,6,8,12,2,6,0,6,3,1,6,8,3,5,4,6,10,6,4,5,9,4,2,2,1,2,3,2,1,4,4,3,1,2
Emigrants,Foreigners,Japan,935,Asia,906,Eastern Asia,901,Developed regions,246,204,249,253,282,351,369,420,401,539,661,1077,1265,1201,1346,1470,1736,2071,1982,1814,2037,1874,1830,1907,1836,1826,1404,1440,1252,1295,1121,1090,922,1032
Emigrants,Foreigners,Jordan,935,Asia,922,Western Asia,902,Developing regions,3,5,0,0,0,0,1,0,2,2,8,0,4,8,3,5,5,3,3,10,18,18,21,14,21,36,18,19,18,9,12,16,25,15
Emigrants,Foreigners,Kazakhstan,935,Asia,5500,Central Asia,902,Developing regions,0,0,0,0,0,0,0,0,0,0,0,0,0,0,6,1,1,1,3,3,1,4,12,0,4,7,11,10,11,18,16,20,17,10
Emigrants,Foreigners,Kenya,903,Africa,910,Eastern Africa,902,Developing regions,25,22,26,21,11,24,39,22,12,28,24,29,43,25,14,21,20,31,21,18,11,12,9,11,8,17,16,11,11,17,13,46,39,35
Emigrants,Foreigners,Kiribati,909,Oceania,954,Micronesia,902,Developing regions,19,21,22,9,5,19,30,11,32,12,14,30,17,14,16,16,19,28,21,31,29,28,48,42,25,14,18,11,30,56,45,38,23,18
Emigrants,Foreigners,Kuwait,935,Asia,922,Western Asia,902,Developing regions,10,3,1,14,9,2,1,0,15,4,0,16,19,15,6,5,13,11,13,9,18,39,29,39,27,24,22,36,32,39,13,26,18,18
Emigrants,Foreigners,Kyrgyzstan,935,Asia,5500,Central Asia,902,Developing regions,0,0,0,0,0,0,0,0,0,0,0,0,0,0,3,0,5,0,1,1,0,1,4,7,3,3,1,5,7,1,2,2,3,1
Emigrants,Foreigners,Lao People's Democratic Republic,935,Asia,920,South-Eastern Asia,902,Developing regions,2,0,0,0,0,0,0,0,1,0,2,3,2,14,14,10,10,19,17,17,13,10,18,12,14,6,11,14,14,21,30,13,27,24
Emigrants,Foreigners,Latvia,908,Europe,924,Northern Europe,901,Developed regions,0,0,0,0,0,0,0,0,0,0,0,0,0,0,1,7,3,0,1,1,3,1,3,2,8,5,4,12,6,4,6,17,4,6
Emigrants,Foreigners,Lebanon,935,Asia,922,Western Asia,902,Developing regions,1,4,0,2,0,0,0,0,2,6,0,2,1,7,12,3,7,1,4,13,6,10,4,10,10,8,2,5,7,18,10,8,10,6
Emigrants,Foreigners,Lesotho,903,Africa,913,Southern Africa,902,Developing regions,0,5,0,0,1,1,0,1,4,2,0,0,0,1,0,0,0,1,0,0,4,2,4,2,0,0,1,1,7,2,0,0,0,0
Emigrants,Foreigners,Liberia,903,Africa,914,Western Africa,902,Developing regions,0,2,0,1,0,0,4,0,3,0,0,1,0,0,0,0,0,0,0,0,0,0,0,4,4,3,4,4,2,0,0,1,0,0
Emigrants,Foreigners,Libya,903,Africa,912,Northern Africa,902,Developing regions,2,5,21,3,3,3,0,0,0,0,1,0,0,2,0,0,0,0,0,1,1,0,0,0,3,1,8,3,9,14,5,2,6,2
Emigrants,Foreigners,Liechtenstein,908,Europe,926,Western Europe,901,Developed regions,0,0,1,0,0,0,0,0,0,0,0,0,1,0,0,0,0,1,0,0,0,0,0,0,1,0,0,0,0,0,3,3,0,0
Emigrants,Foreigners,Lithuania,908,Europe,924,Northern Europe,901,Developed regions,0,0,0,0,0,0,0,0,0,0,0,0,0,0,0,0,0,0,0,0,1,0,0,0,4,9,3,3,1,3,1,1,0,4
Emigrants,Foreigners,Luxembourg,908,Europe,926,Western Europe,901,Developed regions,2,0,0,0,0,0,0,0,0,4,2,0,4,5,1,3,8,1,2,2,2,2,1,3,0,2,0,3,1,3,9,6,1,4
Emigrants,Foreigners,Madagascar,903,Africa,910,Eastern Africa,902,Developing regions,0,0,1,0,0,0,0,0,0,0,0,0,0,1,1,0,0,0,0,1,7,0,0,3,0,2,1,1,1,0,0,0,2,3
Emigrants,Foreigners,Malawi,903,Africa,910,Eastern Africa,902,Developing regions,5,8,4,0,3,0,1,6,0,4,9,3,4,4,0,4,4,11,7,4,6,11,5,13,4,5,2,2,4,2,3,7,7,2
Emigrants,Foreigners,Malaysia,935,Asia,920,South-Eastern Asia,902,Developing regions,531,621,428,344,350,315,138,98,185,357,580,911,701,475,437,507,780,1020,595,523,545,419,314,382,421,446,462,524,677,720,832,889,774,595
Emigrants,Foreigners,Maldives,935,Asia,5501,Southern Asia,902,Developing regions,1,2,5,0,0,1,4,2,1,0,0,0,3,1,2,6,2,13,7,5,10,8,10,21,14,19,21,18,15,42,11,22,15,26
Emigrants,Foreigners,Mali,903,Africa,914,Western Africa,902,Developing regions,0,0,0,1,0,0,0,0,0,0,0,0,0,0,2,0,0,0,0,0,4,0,0,0,0,0,2,1,1,0,0,0,0,1
Emigrants,Foreigners,Malta,908,Europe,925,Southern Europe,901,Developed regions,0,0,1,0,0,3,1,4,5,2,2,6,2,2,12,1,4,2,4,5,7,2,7,4,4,5,4,5,10,5,4,5,8,13
Emigrants,Foreigners,Marshall Islands,909,Oceania,954,Micronesia,902,Developing regions,0,0,0,0,0,0,0,2,5,7,15,3,16,6,4,4,3,2,7,5,3,2,1,0,5,1,0,3,3,7,0,4,8,0
Emigrants,Foreigners,Martinique,904,Latin America and the Caribbean,915,Caribbean,902,Developing regions,0,0,0,0,0,0,0,0,0,0,0,2,0,0,0,0,0,0,0,0,1,0,0,0,0,0,0,0,0,0,0,0,0,0
Emigrants,Foreigners,Mauritania,903,Africa,914,Western Africa,902,Developing regions,0,0,0,0,0,0,0,1,1,0,0,0,0,0,0,0,0,0,0,0,0,0,0,0,0,0,0,0,0,0,0,0,0,0
Emigrants,Foreigners,Mauritius,903,Africa,910,Eastern Africa,902,Developing regions,3,2,0,0,0,5,8,4,2,1,1,6,5,2,8,12,2,4,3,0,2,1,4,4,1,7,1,1,6,6,12,7,5,7
Emigrants,Foreigners,Mayotte,903,Africa,910,Eastern Africa,902,Developing regions,0,0,0,0,0,0,0,0,0,0,0,0,0,0,0,0,0,0,0,0,0,0,0,0,0,0,0,0,0,0,0,0,0,0
Emigrants,Foreigners,Mexico,904,Latin America and the Caribbean,916,Central America,902,Developing regions,9,14,26,14,13,12,16,17,13,10,11,18,19,14,26,21,23,43,29,34,40,36,24,50,57,64,53,42,55,67,63,79,49,84
Emigrants,Foreigners,Micronesia (Federated States of),909,Oceania,954,Micronesia,902,Developing regions,39,14,13,2,1,5,17,3,1,0,6,7,0,7,3,9,6,1,2,3,2,0,1,0,7,2,2,4,4,2,1,3,1,2
Emigrants,Foreigners,Monaco,908,Europe,926,Western Europe,901,Developed regions,0,0,0,0,1,0,3,0,0,0,3,0,0,0,0,0,0,1,0,0,2,0,1,2,0,0,2,0,1,3,1,0,0,0
Emigrants,Foreigners,Mongolia,935,Asia,906,Eastern Asia,902,Developing regions,0,0,0,0,0,0,0,0,0,0,0,0,5,9,13,7,1,2,13,20,8,16,14,7,13,19,17,8,7,18,6,17,14,19
Emigrants,Foreigners,Montenegro,908,Europe,925,Southern Europe,901,Developed regions,0,0,0,0,0,0,0,0,0,0,0,0,0,0,0,0,0,0,0,0,0,0,0,0,0,0,0,0,0,0,0,1,1,1
Emigrants,Foreigners,Montserrat,904,Latin America and the Caribbean,915,Caribbean,902,Developing regions,0,0,0,0,0,0,0,0,2,5,0,0,0,0,0,0,0,0,0,0,0,0,0,0,1,0,0,1,0,0,0,0,0,0
Emigrants,Foreigners,Morocco,903,Africa,912,Northern Africa,902,Developing regions,2,1,0,0,0,0,3,2,1,0,5,0,0,5,0,2,1,4,5,0,4,4,7,0,1,4,7,1,6,8,6,3,1,7
Emigrants,Foreigners,Mozambique,903,Africa,910,Eastern Africa,902,Developing regions,1,0,0,0,0,0,0,0,0,0,2,1,1,0,3,1,1,6,0,9,19,7,1,6,7,3,5,0,3,8,1,3,3,3
Emigrants,Foreigners,Myanmar,935,Asia,920,South-Eastern Asia,902,Developing regions,2,2,1,2,1,0,0,0,0,4,7,9,2,0,4,5,5,4,8,5,8,1,10,16,8,7,7,1,9,3,1,9,8,22
Emigrants,Foreigners,Namibia,903,Africa,913,Southern Africa,902,Developing regions,5,0,1,0,0,0,0,1,0,42,1,6,0,0,4,5,6,11,13,1,3,6,4,8,6,2,1,10,6,4,3,0,5,4
Emigrants,Foreigners,Nauru,909,Oceania,954,Micronesia,902,Developing regions,55,60,30,19,12,13,4,4,2,9,7,13,19,13,15,8,0,2,10,2,3,2,2,2,1,4,0,1,1,0,1,4,2,6
Emigrants,Foreigners,Nepal,935,Asia,5501,Southern Asia,902,Developing regions,9,15,7,7,14,17,20,14,9,6,10,13,12,15,2,21,18,20,10,31,36,29,10,33,32,20,15,13,15,30,27,41,30,33
Emigrants,Foreigners,Netherlands,908,Europe,926,Western Europe,901,Developed regions,544,342,401,404,421,469,561,355,395,535,472,494,638,396,321,286,277,351,382,362,454,337,315,285,255,255,267,348,325,288,294,318,279,352
Emigrants,Foreigners,New Caledonia,909,Oceania,928,Melanesia,902,Developing regions,17,28,14,13,17,16,21,18,21,19,35,45,37,41,24,22,22,32,8,20,16,24,24,24,28,35,24,28,24,30,37,30,29,34
Emigrants,Foreigners,Nicaragua,904,Latin America and the Caribbean,916,Central America,902,Developing regions,0,0,0,0,0,0,1,1,2,1,1,0,0,1,0,0,1,1,0,2,0,0,0,1,6,0,1,0,0,2,0,3,1,4
Emigrants,Foreigners,Niger,903,Africa,914,Western Africa,902,Developing regions,3,1,5,0,1,1,4,7,0,3,0,6,0,4,2,3,0,1,1,1,2,8,0,2,4,0,9,2,1,6,1,2,1,0
Emigrants,Foreigners,Nigeria,903,Africa,914,Western Africa,902,Developing regions,11,6,11,4,13,9,13,0,8,9,2,22,13,5,2,3,1,2,6,9,8,5,13,14,17,15,5,17,19,3,14,9,14,7
Emigrants,Foreigners,Niue,909,Oceania,957,Polynesia,902,Developing regions,104,79,105,84,116,109,99,122,79,62,94,90,80,65,97,61,59,52,27,39,40,40,45,50,42,72,44,40,55,49,56,56,41,49
Emigrants,Foreigners,Northern Mariana Islands,909,Oceania,954,Micronesia,902,Developing regions,0,0,0,0,0,0,0,0,0,4,6,1,1,1,0,1,1,0,4,1,3,0,0,0,6,0,0,0,0,2,0,1,0,0
Emigrants,Foreigners,Norway,908,Europe,924,Northern Europe,901,Developed regions,24,37,16,24,27,26,23,24,49,22,20,41,70,75,52,45,49,71,47,45,58,52,53,89,70,101,83,85,57,85,61,67,64,80
Emigrants,Foreigners,Oman,935,Asia,922,Western Asia,902,Developing regions,40,20,47,23,16,31,26,20,27,18,16,38,15,16,20,18,23,29,24,17,31,31,33,19,30,33,25,69,74,69,67,38,47,42
Emigrants,Foreigners,Pakistan,935,Asia,5501,Southern Asia,902,Developing regions,48,19,16,24,18,19,44,22,18,39,25,17,14,30,13,36,19,8,29,19,32,18,24,29,34,52,28,40,31,33,43,79,72,103
Emigrants,Foreigners,Palau,909,Oceania,954,Micronesia,902,Developing regions,0,0,0,0,0,0,0,0,3,0,6,0,0,0,0,0,0,0,6,0,0,0,0,0,3,1,3,0,0,0,2,0,2,0
Emigrants,Foreigners,Panama,904,Latin America and the Caribbean,916,Central America,902,Developing regions,4,0,0,0,6,10,2,0,4,0,0,1,0,0,1,0,1,0,2,3,2,2,0,1,6,3,1,7,1,2,3,4,14,8
Emigrants,Foreigners,Papua New Guinea,909,Oceania,928,Melanesia,902,Developing regions,1326,1172,850,687,655,742,474,436,409,560,378,407,342,378,301,276,271,220,196,155,160,114,140,89,93,101,106,122,139,150,163,196,134,183
Emigrants,Foreigners,Paraguay,904,Latin America and the Caribbean,931,South America,902,Developing regions,10,1,1,0,2,4,1,0,2,0,11,7,1,7,19,16,13,8,14,7,11,2,4,14,6,3,1,6,3,12,4,1,1,1
Emigrants,Foreigners,Peru,904,Latin America and the Caribbean,931,South America,902,Developing regions,21,18,9,10,11,10,11,28,24,11,10,8,4,4,13,9,23,19,5,11,13,17,13,11,30,24,20,22,22,9,26,21,21,17
Emigrants,Foreigners,Philippines,935,Asia,920,South-Eastern Asia,902,Developing regions,114,92,77,86,94,82,79,69,88,103,142,204,149,139,156,107,138,215,157,154,132,119,154,130,138,127,134,148,173,379,365,408,347,333
Emigrants,Foreigners,Poland,908,Europe,923,Eastern Europe,901,Developed regions,10,13,11,5,7,11,4,15,13,14,15,30,30,20,19,29,40,23,22,28,13,9,24,17,13,18,17,30,34,29,38,30,26,27
Emigrants,Foreigners,Portugal,908,Europe,925,Southern Europe,901,Developed regions,2,5,1,0,5,3,3,2,13,14,4,13,6,10,3,5,7,15,8,9,15,12,12,13,5,17,12,4,5,15,27,16,11,13
Emigrants,Foreigners,Puerto Rico,904,Latin America and the Caribbean,915,Caribbean,902,Developing regions,0,1,1,0,0,1,0,3,0,0,0,1,0,0,0,0,1,5,0,0,1,0,1,0,0,0,3,0,1,0,1,0,1,1
Emigrants,Foreigners,Qatar,935,Asia,922,Western Asia,902,Developing regions,5,3,0,3,6,0,0,0,2,8,5,17,12,9,9,4,6,6,39,11,27,20,35,19,60,58,79,133,149,163,117,95,100,96
Emigrants,Foreigners,Republic of Korea,935,Asia,906,Eastern Asia,902,Developing regions,71,69,30,65,30,106,92,110,90,76,42,126,144,147,131,267,477,724,792,644,1032,1215,1624,2434,2884,2492,1825,1861,2069,2152,2195,2150,1707,1365
Emigrants,Foreigners,Republic of Moldova,908,Europe,923,Eastern Europe,901,Developed regions,0,0,0,0,0,0,0,0,0,0,0,0,0,0,0,3,2,1,0,0,0,0,2,0,0,0,3,1,0,1,0,2,2,0
Emigrants,Foreigners,R??union,903,Africa,910,Eastern Africa,902,Developing regions,0,0,0,0,0,0,0,0,0,0,0,0,0,0,4,0,5,0,0,0,1,1,0,0,0,1,0,1,0,2,3,1,3,0
Emigrants,Foreigners,Romania,908,Europe,923,Eastern Europe,901,Developed regions,2,1,0,2,8,3,0,0,2,2,1,2,2,2,14,4,4,18,11,6,7,24,16,9,8,27,24,31,61,37,24,21,18,19
Emigrants,Foreigners,Russian Federation,908,Europe,923,Eastern Europe,901,Developed regions,0,0,0,0,0,0,0,0,0,0,0,0,0,21,48,44,40,81,62,51,69,34,50,61,72,69,66,74,73,74,80,71,112,88
Emigrants,Foreigners,Rwanda,903,Africa,910,Eastern Africa,902,Developing regions,1,0,0,0,0,0,0,0,0,0,0,0,0,1,0,0,0,1,1,0,1,0,0,0,1,1,1,0,0,5,1,1,0,4
Emigrants,Foreigners,Saint Helena,903,Africa,914,Western Africa,902,Developing regions,0,0,0,0,0,0,0,0,0,0,0,0,0,0,1,2,0,1,0,0,0,0,0,0,1,0,0,1,0,2,2,0,0,0
Emigrants,Foreigners,Saint Kitts and Nevis,904,Latin America and the Caribbean,915,Caribbean,902,Developing regions,0,0,0,0,0,0,0,0,0,0,0,0,0,0,1,0,0,0,0,0,0,0,0,1,0,1,0,0,0,0,0,0,0,1
Emigrants,Foreigners,Saint Lucia,904,Latin America and the Caribbean,915,Caribbean,902,Developing regions,0,0,4,0,0,0,4,1,0,1,0,0,1,2,6,0,5,0,0,2,2,0,2,0,2,6,3,3,3,6,0,4,2,2
Emigrants,Foreigners,Saint Pierre and Miquelon,905,Northern America,905,Northern America,901,Developed regions,0,0,0,0,0,0,0,0,0,0,0,0,0,0,0,0,0,0,0,0,0,0,0,0,0,0,0,0,0,0,0,0,0,0
Emigrants,Foreigners,Saint Vincent and the Grenadines,904,Latin America and the Caribbean,915,Caribbean,902,Developing regions,0,0,2,0,0,0,0,1,0,0,0,0,0,0,0,1,2,0,0,1,0,0,1,0,0,0,0,4,1,0,0,2,0,0
Emigrants,Foreigners,Samoa,909,Oceania,957,Polynesia,902,Developing regions,1113,891,769,591,634,698,651,689,964,872,905,1435,1326,903,813,588,534,673,514,605,474,443,422,357,432,535,446,494,596,634,693,670,578,527
Emigrants,Foreigners,San Marino,908,Europe,925,Southern Europe,901,Developed regions,0,0,0,0,0,0,0,0,0,0,0,0,0,0,0,0,0,0,0,0,0,0,0,0,0,0,0,0,1,0,0,0,0,0
Emigrants,Foreigners,Sao Tome and Principe,903,Africa,911,Middle Africa,902,Developing regions,0,0,0,0,0,0,0,0,0,0,0,0,0,0,0,0,0,0,0,0,0,0,0,0,0,0,0,0,0,0,0,0,0,0
Emigrants,Foreigners,Saudi Arabia,935,Asia,922,Western Asia,902,Developing regions,92,66,67,45,27,64,64,37,33,69,88,128,164,194,85,93,83,110,85,59,129,194,186,119,78,73,83,124,128,171,213,202,262,277
Emigrants,Foreigners,Senegal,903,Africa,914,Western Africa,902,Developing regions,0,0,0,0,1,0,0,0,0,0,0,3,6,0,5,4,0,4,9,0,0,1,3,4,0,1,0,0,0,0,0,1,0,2
Emigrants,Foreigners,Serbia,908,Europe,925,Southern Europe,901,Developed regions,0,0,0,0,0,0,0,0,0,0,0,0,0,0,0,0,0,0,0,0,0,0,0,0,0,0,0,0,2,24,13,7,16,11
Emigrants,Foreigners,Seychelles,903,Africa,910,Eastern Africa,902,Developing regions,1,0,2,0,1,6,8,1,0,0,4,1,2,0,0,0,0,4,3,0,0,0,5,1,6,5,2,3,3,6,1,2,3,3
Emigrants,Foreigners,Sierra Leone,903,Africa,914,Western Africa,902,Developing regions,3,1,0,0,0,0,1,0,6,0,0,0,0,0,0,0,0,1,0,0,3,2,3,2,0,2,1,3,0,2,8,7,0,1
Emigrants,Foreigners,Singapore,935,Asia,920,South-Eastern Asia,902,Developing regions,1072,869,894,647,626,617,729,865,356,273,294,513,466,463,401,361,312,366,301,291,416,525,298,239,277,311,383,437,419,407,469,481,429,393
Emigrants,Foreigners,Slovakia,908,Europe,923,Eastern Europe,901,Developed regions,0,0,0,0,0,0,0,0,0,0,0,0,0,1,8,2,6,6,2,7,7,6,8,10,8,10,12,18,29,23,29,7,16,12
Emigrants,Foreigners,Slovenia,908,Europe,925,Southern Europe,901,Developed regions,0,0,0,0,0,0,0,0,0,0,0,0,0,1,0,5,4,1,8,3,5,6,4,2,4,6,2,7,7,3,7,9,15,7
Emigrants,Foreigners,Solomon Islands,909,Oceania,928,Melanesia,902,Developing regions,105,83,87,104,58,72,114,82,91,106,70,73,62,56,77,48,72,56,60,71,60,66,66,74,95,48,56,68,77,63,93,87,59,83
Emigrants,Foreigners,Somalia,903,Africa,910,Eastern Africa,902,Developing regions,2,8,4,1,0,0,2,2,2,5,0,0,2,2,2,0,0,0,0,1,0,1,1,1,2,2,4,12,3,0,0,3,7,0
Emigrants,Foreigners,South Africa,903,Africa,913,Southern Africa,902,Developing regions,308,269,231,230,232,104,67,87,79,105,118,152,159,95,135,233,159,191,225,233,218,194,272,300,378,331,380,330,310,672,615,508,438,337
Emigrants,Foreigners,Spain,908,Europe,925,Southern Europe,901,Developed regions,20,13,19,6,19,25,35,20,17,36,23,59,77,35,28,42,42,40,70,70,82,104,63,93,160,239,175,208,147,101,138,160,162,154
Emigrants,Foreigners,Sri Lanka,935,Asia,5501,Southern Asia,902,Developing regions,21,35,29,33,16,30,13,28,22,13,14,20,28,48,17,21,40,53,55,65,50,51,36,81,74,54,52,35,33,65,117,103,85,113
Emigrants,Foreigners,State of Palestine,935,Asia,922,Western Asia,902,Developing regions,0,0,0,0,0,0,0,0,0,0,0,0,0,0,0,0,0,0,2,1,1,0,0,0,2,0,0,1,0,1,0,6,0,2
Emigrants,Foreigners,Sudan,903,Africa,912,Northern Africa,902,Developing regions,9,6,0,0,0,12,3,1,0,2,4,1,0,3,1,0,0,1,0,7,1,2,0,11,4,11,14,13,7,2,5,6,7,4
Emigrants,Foreigners,Suriname,904,Latin America and the Caribbean,931,South America,902,Developing regions,0,0,0,0,0,0,0,0,0,0,1,0,0,0,2,0,0,0,0,0,0,0,0,0,0,2,0,2,1,0,1,0,1,1
Emigrants,Foreigners,Swaziland,903,Africa,913,Southern Africa,902,Developing regions,1,0,0,5,0,1,0,0,0,1,0,2,0,0,0,0,0,0,1,0,0,0,0,1,0,0,0,0,0,4,1,2,0,0
Emigrants,Foreigners,Sweden,908,Europe,924,Northern Europe,901,Developed regions,24,25,44,30,37,47,50,59,137,128,115,99,145,104,120,124,115,138,138,128,167,156,139,125,144,141,136,142,165,191,176,194,207,154
Emigrants,Foreigners,Switzerland,908,Europe,926,Western Europe,901,Developed regions,153,172,145,142,134,140,152,202,166,178,186,227,189,159,164,176,227,184,256,215,298,234,225,215,145,207,219,219,237,208,204,215,193,205
Emigrants,Foreigners,Syrian Arab Republic,935,Asia,922,Western Asia,902,Developing regions,4,0,2,0,2,4,1,1,0,2,0,4,1,0,4,2,1,2,7,6,6,10,1,12,14,7,11,12,10,9,11,3,0,0
Emigrants,Foreigners,Tajikistan,935,Asia,5500,Central Asia,902,Developing regions,0,0,0,0,0,0,0,0,0,0,0,0,0,0,4,4,1,0,1,1,1,3,0,0,3,0,6,0,1,5,0,3,2,1
Emigrants,Foreigners,Thailand,935,Asia,920,South-Eastern Asia,902,Developing regions,110,58,61,80,90,71,70,94,145,121,136,232,286,232,267,335,388,400,398,459,485,458,416,419,427,394,385,376,416,399,365,384,473,458
Emigrants,Foreigners,The former Yugoslav Republic of Macedonia,908,Europe,925,Southern Europe,901,Developed regions,0,0,0,0,0,0,0,0,0,0,0,0,0,0,3,1,7,0,6,7,14,2,4,4,7,5,13,13,5,7,7,13,13,7
Emigrants,Foreigners,Timor-Leste,935,Asia,920,South-Eastern Asia,902,Developing regions,0,0,0,0,0,0,0,0,0,0,0,0,0,0,0,0,0,0,0,1,14,22,21,3,17,7,7,3,12,7,19,23,36,41
Emigrants,Foreigners,Togo,903,Africa,914,Western Africa,902,Developing regions,0,0,0,0,0,1,0,0,0,0,0,0,0,0,2,1,0,0,0,0,1,0,0,0,1,0,0,0,0,0,0,1,0,0
Emigrants,Foreigners,Tokelau,909,Oceania,957,Polynesia,902,Developing regions,35,31,35,41,51,25,42,64,30,27,16,27,24,22,19,27,27,49,24,58,27,37,29,26,42,36,25,48,16,24,20,41,37,21
Emigrants,Foreigners,Tonga,909,Oceania,957,Polynesia,902,Developing regions,405,322,297,315,279,287,309,251,358,321,403,630,554,358,307,318,236,336,344,374,292,213,256,257,254,237,229,194,240,252,302,295,305,270
Emigrants,Foreigners,Trinidad and Tobago,904,Latin America and the Caribbean,915,Caribbean,902,Developing regions,1,2,1,4,1,1,1,3,1,5,2,0,6,1,4,3,5,0,8,1,2,4,5,8,2,4,5,4,11,4,4,3,8,4
Emigrants,Foreigners,Tunisia,903,Africa,912,Northern Africa,902,Developing regions,1,0,0,1,0,0,0,1,2,0,0,1,0,0,0,0,0,0,1,5,0,0,2,0,0,2,2,0,0,0,3,1,1,0
Emigrants,Foreigners,Turkey,935,Asia,922,Western Asia,902,Developing regions,6,2,1,2,2,7,6,3,8,21,15,29,19,21,12,27,31,33,48,27,27,66,31,40,36,42,26,27,30,48,37,36,38,50
Emigrants,Foreigners,Turkmenistan,935,Asia,5500,Central Asia,902,Developing regions,0,0,0,0,0,0,0,0,0,0,0,0,0,0,0,0,0,1,0,0,0,0,0,0,0,0,0,0,0,1,0,0,0,0
Emigrants,Foreigners,Turks and Caicos Islands,904,Latin America and the Caribbean,915,Caribbean,902,Developing regions,0,3,0,0,0,3,0,0,0,0,0,0,3,0,0,1,0,2,1,1,1,1,4,3,8,0,6,5,1,1,1,0,1,3
Emigrants,Foreigners,Tuvalu,909,Oceania,957,Polynesia,902,Developing regions,6,11,5,7,13,5,12,11,12,5,6,15,13,10,5,9,6,7,19,40,33,23,47,44,28,20,24,7,12,19,24,18,22,21
Emigrants,Foreigners,Uganda,903,Africa,910,Eastern Africa,902,Developing regions,2,5,3,2,1,1,12,1,0,3,10,2,17,6,4,10,17,2,6,5,4,3,6,11,6,0,5,6,12,9,4,13,1,3
Emigrants,Foreigners,Ukraine,908,Europe,923,Eastern Europe,901,Developed regions,0,0,0,0,0,0,0,0,0,0,0,0,0,3,1,3,3,8,9,7,12,6,12,7,15,16,11,13,14,7,11,6,18,11
Emigrants,Foreigners,United Arab Emirates,935,Asia,922,Western Asia,902,Developing regions,30,44,33,23,31,25,26,19,3,9,23,45,87,71,56,31,70,83,111,119,177,189,149,195,213,300,456,647,879,437,460,381,373,327
Emigrants,Foreigners,United Kingdom of Great Britain and Northern Ireland,908,Europe,924,Northern Europe,901,Developed regions,10257,6699,6156,7345,8861,9827,10367,10958,11651,13412,12878,11366,10491,8684,9760,10816,11835,13908,16142,16211,15443,14852,12922,11203,11962,12430,11760,12276,10830,8336,9068,9092,8259,8118
Emigrants,Foreigners,United Republic of Tanzania,903,Africa,910,Eastern Africa,902,Developing regions,14,10,3,2,3,7,11,13,14,22,20,19,18,25,29,17,14,28,18,21,19,16,28,17,15,18,36,34,23,28,35,23,15,13
Emigrants,Foreigners,United States of America,905,Northern America,905,Northern America,901,Developed regions,2365,2197,1987,1832,1860,2080,1999,1803,2044,2006,2104,2408,2534,2114,2092,2021,2418,2911,3085,3041,3457,3151,2373,2393,2331,2800,2596,2494,2712,2314,2679,2609,2799,3015
Emigrants,Foreigners,United States Virgin Islands,904,Latin America and the Caribbean,915,Caribbean,902,Developing regions,0,0,0,0,0,0,0,0,1,0,1,0,0,1,1,0,0,0,0,0,1,0,0,1,0,1,0,0,0,0,0,1,0,0
Emigrants,Foreigners,Uruguay,904,Latin America and the Caribbean,931,South America,902,Developing regions,4,0,6,2,4,5,1,0,0,1,6,0,5,3,5,5,7,8,20,16,11,20,7,6,24,28,28,11,29,46,49,47,40,37
Emigrants,Foreigners,Uzbekistan,935,Asia,5500,Central Asia,902,Developing regions,0,0,0,0,0,0,0,0,0,0,0,0,0,0,6,2,4,1,0,0,2,0,4,6,1,3,0,1,0,4,4,3,5,4
Emigrants,Foreigners,Vanuatu,909,Oceania,928,Melanesia,902,Developing regions,47,50,77,47,51,40,35,78,47,35,63,47,66,48,33,36,46,31,62,39,60,56,42,42,41,65,45,60,67,114,50,71,64,56
Emigrants,Foreigners,Venezuela (Bolivarian Republic of),904,Latin America and the Caribbean,931,South America,902,Developing regions,14,3,3,0,1,8,9,2,0,1,9,5,8,5,4,14,5,3,19,3,11,7,12,3,5,4,4,0,2,1,5,4,3,6
Emigrants,Foreigners,Viet Nam,935,Asia,920,South-Eastern Asia,902,Developing regions,4,0,1,0,0,0,0,5,1,1,3,1,15,16,30,38,55,57,43,29,44,55,92,108,131,164,130,126,153,147,203,245,219,253
Emigrants,Foreigners,Wallis and Futuna Islands,909,Oceania,957,Polynesia,902,Developing regions,0,0,0,0,0,0,0,0,0,0,0,0,0,0,1,1,0,1,0,0,1,0,0,0,0,1,1,0,0,0,0,0,0,0
Emigrants,Foreigners,Western Sahara,903,Africa,912,Northern Africa,902,Developing regions,0,0,0,0,0,0,0,0,0,0,0,0,0,0,1,0,0,0,3,0,0,0,0,0,0,0,0,0,0,0,0,0,0,0
Emigrants,Foreigners,Yemen,935,Asia,922,Western Asia,902,Developing regions,0,0,0,0,1,1,0,0,1,1,0,1,5,1,1,1,2,33,41,46,6,2,8,1,6,0,3,0,6,1,3,0,4,0
Emigrants,Foreigners,Zambia,903,Africa,910,Eastern Africa,902,Developing regions,21,13,13,7,12,7,3,6,17,7,9,4,12,7,12,6,12,12,7,11,13,11,7,15,17,13,22,34,28,22,33,31,25,16
Emigrants,Foreigners,Zimbabwe,903,Africa,910,Eastern Africa,902,Developing regions,11,19,16,8,22,14,27,9,21,44,19,29,29,14,21,27,27,13,36,11,16,18,10,16,20,15,17,15,8,12,20,27,28,26
Emigrants,Foreigners,Unknown,999,World,999,World,999,World,4537,4028,3444,2842,3841,4412,4649,4276,3634,3408,3571,2441,1665,4173,3247,4319,4882,3927,3746,2909,2596,2437,2652,2730,2641,2084,1732,1698,1576,1169,1478,1495,1508,1343
Emigrants,Foreigners,Total,999,World,999,World,999,World,68849,61768,47217,33871,40194,54737,60381,59633,70725,61535,47514,44181,43504,41096,44525,49077,54212,60012,64485,68772,74306,71368,57753,57754,65371,71992,68123,77081,83649,65157,72018,86042,86420,71497
Immigrants,Foreigners,Afghanistan,935,Asia,5501,Southern Asia,902,Developing regions,1,5,0,0,1,7,4,2,0,0,1,12,0,7,11,1,5,3,12,19,34,36,53,2,272,48,36,38,56,74,68,50,57,150
Immigrants,Foreigners,Albania,908,Europe,925,Southern Europe,901,Developed regions,0,0,0,0,0,0,1,4,0,0,1,5,2,1,3,4,1,3,6,12,25,4,12,3,9,4,2,6,3,8,1,1,0,2
Immigrants,Foreigners,Algeria,903,Africa,912,Northern Africa,902,Developing regions,1,1,0,4,1,1,1,0,0,0,1,0,1,5,3,2,2,8,2,0,1,0,3,7,3,2,10,7,1,6,6,6,8,6
Immigrants,Foreigners,American Samoa,909,Oceania,957,Polynesia,902,Developing regions,30,49,39,18,26,30,46,72,74,52,70,24,47,41,50,53,39,43,77,46,55,37,61,34,46,44,63,40,33,26,38,46,29,32
Immigrants,Foreigners,Andorra,908,Europe,925,Southern Europe,901,Developed regions,0,0,0,0,2,2,0,0,1,1,0,0,1,0,0,0,2,2,2,2,4,0,4,2,4,5,3,1,2,3,0,0,1,0
Immigrants,Foreigners,Angola,903,Africa,911,Middle Africa,902,Developing regions,1,0,0,0,0,0,0,0,0,0,0,0,2,1,1,1,2,0,2,0,0,1,0,1,2,4,3,4,6,3,0,1,0,0
Immigrants,Foreigners,Anguilla,904,Latin America and the Caribbean,915,Caribbean,902,Developing regions,0,0,0,0,0,0,1,0,0,0,3,0,0,0,0,0,0,0,3,0,0,0,0,0,0,1,0,1,0,0,0,0,0,1
Immigrants,Foreigners,Antigua and Barbuda,904,Latin America and the Caribbean,915,Caribbean,902,Developing regions,0,4,4,0,0,0,1,1,0,1,0,1,0,0,4,1,1,0,1,5,3,0,1,2,1,3,1,0,0,1,3,2,2,3
Immigrants,Foreigners,Argentina,904,Latin America and the Caribbean,931,South America,902,Developing regions,5,3,10,7,2,11,4,21,13,22,33,27,37,35,48,34,46,47,37,37,49,43,104,131,107,192,285,361,520,548,467,546,617,719
Immigrants,Foreigners,Armenia,935,Asia,922,Western Asia,902,Developing regions,0,0,0,0,0,0,0,0,0,0,0,0,0,0,0,7,2,1,0,0,2,0,9,5,1,2,0,0,7,3,1,0,2,3
Immigrants,Foreigners,Aruba,904,Latin America and the Caribbean,915,Caribbean,902,Developing regions,0,0,0,0,0,0,0,0,0,0,0,0,0,0,0,0,1,1,0,0,1,0,0,0,0,0,0,0,0,5,0,0,0,0
Immigrants,Foreigners,Australia,909,Oceania,927,Australia and New Zealand,901,Developed regions,14525,13912,15115,16444,13372,10871,12107,14480,11681,13997,18669,14476,12388,12639,12896,12894,12539,11991,10606,10506,10580,12186,13018,14344,14216,13389,13306,13636,13057,14793,15842,14186,14880,19549
Immigrants,Foreigners,Austria,908,Europe,926,Western Europe,901,Developed regions,36,61,109,125,57,65,50,64,74,59,63,62,58,55,54,94,83,60,53,52,52,63,76,65,84,85,90,86,102,100,101,113,107,88
Immigrants,Foreigners,Azerbaijan,935,Asia,922,Western Asia,902,Developing regions,0,0,0,0,0,0,0,0,0,0,0,0,0,0,1,1,0,1,1,1,3,7,2,2,12,1,2,5,7,2,6,1,6,1
Immigrants,Foreigners,Bahamas,904,Latin America and the Caribbean,915,Caribbean,902,Developing regions,11,0,4,3,6,0,3,12,9,0,5,8,3,1,9,6,8,1,1,11,1,10,4,6,8,5,2,0,8,1,2,1,5,11
Immigrants,Foreigners,Bahrain,935,Asia,922,Western Asia,902,Developing regions,28,28,31,30,80,38,33,29,32,38,26,12,23,28,49,57,49,40,35,57,40,32,53,47,30,41,38,59,51,51,64,86,61,62
Immigrants,Foreigners,Bangladesh,935,Asia,5501,Southern Asia,902,Developing regions,16,18,10,3,18,5,9,20,20,18,10,17,10,54,148,774,724,79,104,106,205,161,136,142,86,60,60,69,82,109,81,92,121,127
Immigrants,Foreigners,Barbados,904,Latin America and the Caribbean,915,Caribbean,902,Developing regions,3,12,13,16,13,9,4,8,3,1,2,2,0,1,2,5,4,1,1,1,11,7,5,11,6,3,2,3,7,15,8,2,9,4
Immigrants,Foreigners,Belarus,908,Europe,923,Eastern Europe,901,Developed regions,0,0,0,0,0,0,0,0,0,0,0,0,0,0,2,19,29,10,11,10,16,4,17,4,6,5,6,1,4,11,0,14,6,15
Immigrants,Foreigners,Belgium,908,Europe,926,Western Europe,901,Developed regions,30,9,38,33,22,29,30,30,39,35,35,33,37,58,58,91,57,76,82,74,74,89,83,100,103,153,125,141,142,159,173,150,187,180
Immigrants,Foreigners,Belize,904,Latin America and the Caribbean,916,Central America,902,Developing regions,0,0,4,2,5,1,4,0,1,1,0,0,3,2,6,7,3,0,1,2,5,0,5,6,1,1,0,1,2,1,0,0,4,4
Immigrants,Foreigners,Benin,903,Africa,914,Western Africa,902,Developing regions,1,0,0,6,0,0,4,0,6,0,2,4,1,4,1,0,1,0,0,3,0,1,0,0,0,0,0,2,1,0,0,3,0,0
Immigrants,Foreigners,Bermuda,905,Northern America,905,Northern America,901,Developed regions,20,8,13,9,3,15,32,19,20,19,6,12,10,2,14,25,17,18,10,23,13,21,19,15,13,12,25,13,24,22,16,21,22,20
Immigrants,Foreigners,Bhutan,935,Asia,5501,Southern Asia,902,Developing regions,1,0,1,0,0,1,4,5,8,20,3,7,4,5,11,8,8,5,9,3,3,8,7,3,9,6,3,6,0,9,13,2,3,9
Immigrants,Foreigners,Bolivia (Plurinational State of),904,Latin America and the Caribbean,931,South America,902,Developing regions,1,3,5,9,2,6,2,1,9,5,8,8,12,9,1,24,10,18,18,18,18,24,21,20,17,17,15,6,2,16,4,6,8,18
Immigrants,Foreigners,Bosnia and Herzegovina,908,Europe,925,Southern Europe,901,Developed regions,0,0,0,0,0,0,0,0,0,0,0,0,0,17,32,37,29,13,7,8,11,5,12,8,10,9,3,7,7,2,0,6,0,2
Immigrants,Foreigners,Botswana,903,Africa,913,Southern Africa,902,Developing regions,11,3,10,18,3,13,12,23,15,13,16,6,9,9,47,90,108,53,61,48,35,43,65,81,43,60,45,38,18,30,36,21,38,15
Immigrants,Foreigners,Brazil,904,Latin America and the Caribbean,931,South America,902,Developing regions,16,28,21,27,13,35,23,41,31,47,44,43,50,67,74,94,90,100,84,87,114,122,151,180,152,126,175,200,227,263,234,241,250,247
Immigrants,Foreigners,British Virgin Islands,904,Latin America and the Caribbean,915,Caribbean,902,Developing regions,2,3,6,3,0,0,3,0,1,0,2,2,5,3,5,6,4,2,2,2,6,4,2,1,5,0,1,7,4,2,6,5,1,5
Immigrants,Foreigners,Brunei Darussalam,935,Asia,920,South-Eastern Asia,902,Developing regions,18,10,19,44,31,22,31,51,64,98,110,86,71,154,180,129,147,152,146,179,91,76,97,83,71,80,63,60,85,34,54,52,63,78
Immigrants,Foreigners,Bulgaria,908,Europe,923,Eastern Europe,901,Developed regions,0,0,3,0,0,5,1,1,3,1,2,6,8,21,32,26,35,11,22,35,24,40,52,41,45,41,38,28,25,8,19,16,28,41
Immigrants,Foreigners,Burkina Faso,903,Africa,914,Western Africa,902,Developing regions,0,1,0,0,3,0,0,0,0,0,0,1,0,0,0,5,0,1,1,0,12,0,0,11,0,0,4,1,0,7,1,1,3,1
Immigrants,Foreigners,Burundi,903,Africa,910,Eastern Africa,902,Developing regions,4,0,0,0,0,0,0,0,1,0,0,0,0,0,0,0,0,0,1,0,0,2,0,0,0,3,6,0,1,0,13,0,3,1
Immigrants,Foreigners,Cabo Verde,903,Africa,914,Western Africa,902,Developing regions,0,0,0,0,0,0,0,0,0,0,0,0,0,0,0,1,0,0,0,0,0,2,0,0,0,1,0,0,0,0,0,0,0,0
Immigrants,Foreigners,Cambodia,935,Asia,920,South-Eastern Asia,902,Developing regions,271,357,2,0,7,6,1,0,15,4,18,2,10,29,26,94,120,150,138,123,335,342,329,165,114,125,165,162,254,231,228,262,222,242
Immigrants,Foreigners,Cameroon,903,Africa,911,Middle Africa,902,Developing regions,1,0,1,0,1,1,3,0,0,0,6,1,6,1,6,1,0,1,1,5,3,2,3,5,4,2,3,1,2,1,2,2,0,3
Immigrants,Foreigners,Canada,905,Northern America,905,Northern America,901,Developed regions,791,991,1009,1033,822,888,1284,1073,787,833,969,1002,869,840,999,1137,1237,1299,950,973,891,1031,1271,1376,1505,1521,1615,1569,1796,1757,1933,1891,1708,1870
Immigrants,Foreigners,Cayman Islands,904,Latin America and the Caribbean,915,Caribbean,902,Developing regions,0,5,4,0,1,3,0,0,0,3,0,6,4,0,4,14,13,7,7,7,6,2,6,18,14,8,13,11,26,26,18,15,20,15
Immigrants,Foreigners,Central African Republic,903,Africa,911,Middle Africa,902,Developing regions,0,1,0,0,0,0,0,0,0,0,0,0,0,0,0,0,0,0,0,0,0,0,0,0,0,0,0,0,0,0,0,0,0,0
Immigrants,Foreigners,Chad,903,Africa,911,Middle Africa,902,Developing regions,0,0,0,0,5,1,0,0,4,0,0,0,1,3,0,0,0,0,0,0,0,0,0,1,0,0,2,0,4,0,0,1,6,0
Immigrants,Foreigners,Chile,904,Latin America and the Caribbean,931,South America,902,Developing regions,14,27,21,27,29,47,47,40,49,35,46,45,34,38,61,48,58,73,49,53,56,98,132,152,174,232,368,524,552,521,521,509,573,600
Immigrants,Foreigners,China,935,Asia,906,Eastern Asia,902,Developing regions,103,88,58,73,79,117,192,277,344,381,509,640,669,896,1266,3860,4008,3275,2717,3507,5940,11107,15931,13253,6143,4102,4271,4207,4993,5982,6177,7380,7723,8182
Immigrants,Foreigners,"China, Hong Kong Special Administrative Region",935,Asia,906,Eastern Asia,902,Developing regions,351,326,375,328,464,393,419,552,966,1539,2455,3166,2670,3037,3212,3252,2774,2341,1534,1217,782,1009,957,891,704,569,616,605,622,639,651,778,813,823
Immigrants,Foreigners,"China, Macao Special Administrative Region",935,Asia,906,Eastern Asia,902,Developing regions,1,6,12,3,4,4,2,2,10,19,39,77,48,29,44,63,52,38,30,19,13,25,26,17,27,20,10,20,11,30,25,28,29,35
Immigrants,Foreigners,Colombia,904,Latin America and the Caribbean,931,South America,902,Developing regions,7,3,9,6,6,3,9,10,10,3,9,6,10,6,15,13,14,16,17,19,21,20,33,33,25,40,23,33,49,52,56,67,57,78
Immigrants,Foreigners,Comoros,903,Africa,910,Eastern Africa,902,Developing regions,0,0,0,0,0,0,0,0,0,0,0,0,0,0,0,1,0,1,0,0,0,0,0,0,0,0,0,0,0,0,0,0,0,0
Immigrants,Foreigners,Congo,903,Africa,911,Middle Africa,902,Developing regions,0,4,0,0,0,0,0,3,1,2,0,0,0,0,0,0,1,0,0,0,0,1,2,0,3,2,10,7,0,9,5,3,3,0
Immigrants,Foreigners,Cook Islands,909,Oceania,957,Polynesia,902,Developing regions,762,646,663,422,451,470,614,684,489,484,342,306,174,237,382,492,768,665,554,372,326,360,274,296,299,426,369,384,300,344,337,337,315,289
Immigrants,Foreigners,Costa Rica,904,Latin America and the Caribbean,916,Central America,902,Developing regions,0,0,2,1,2,1,0,1,3,12,10,10,14,24,11,13,15,20,19,1,16,10,17,9,11,13,18,13,25,16,19,17,12,19
Immigrants,Foreigners,C?te d'Ivoire,903,Africa,914,Western Africa,902,Developing regions,0,2,1,0,0,0,0,0,4,0,3,6,2,0,0,13,5,0,0,1,5,0,0,0,6,3,1,0,1,0,0,1,0,0
Immigrants,Foreigners,Croatia,908,Europe,925,Southern Europe,901,Developed regions,0,0,0,0,0,0,0,0,0,0,0,0,0,157,534,410,167,79,46,28,44,26,37,17,24,11,20,23,21,5,23,12,29,27
Immigrants,Foreigners,Cuba,904,Latin America and the Caribbean,915,Caribbean,902,Developing regions,0,0,0,0,0,0,0,0,0,0,1,0,1,0,1,0,0,0,0,0,0,0,0,0,1,1,6,2,6,3,3,6,6,10
Immigrants,Foreigners,Cyprus,935,Asia,922,Western Asia,902,Developing regions,3,18,9,1,4,4,11,12,10,5,11,5,0,8,11,13,18,17,15,16,17,18,4,9,22,16,22,7,33,16,14,19,20,9
Immigrants,Foreigners,Czech Republic,908,Europe,923,Eastern Europe,901,Developed regions,0,0,0,0,0,0,0,0,0,0,0,0,0,8,24,43,20,9,25,18,33,23,45,31,36,101,291,265,281,277,404,577,698,592
Immigrants,Foreigners,Democratic People's Republic of Korea,935,Asia,906,Eastern Asia,902,Developing regions,0,0,0,0,0,0,0,0,2,0,0,2,3,54,0,0,0,0,4,2,0,0,0,0,0,0,0,0,0,0,0,0,0,0
Immigrants,Foreigners,Democratic Republic of the Congo,903,Africa,911,Middle Africa,902,Developing regions,3,1,2,1,2,5,3,4,5,7,3,6,0,0,3,3,8,2,0,6,2,0,5,1,0,1,0,0,0,0,3,0,0,0
Immigrants,Foreigners,Denmark,908,Europe,924,Northern Europe,901,Developed regions,73,59,88,37,61,44,62,85,96,91,106,89,87,117,120,104,106,105,103,111,112,155,96,135,140,163,149,108,131,140,127,123,142,151
Immigrants,Foreigners,Djibouti,903,Africa,910,Eastern Africa,902,Developing regions,0,0,0,0,0,0,0,1,0,1,3,0,0,0,1,1,5,0,0,0,0,8,0,1,0,1,0,0,0,1,0,2,0,0
Immigrants,Foreigners,Dominica,904,Latin America and the Caribbean,915,Caribbean,902,Developing regions,2,2,2,0,0,2,0,3,0,1,3,0,0,2,0,0,0,0,0,0,0,3,0,0,3,0,1,0,0,1,0,0,0,0
Immigrants,Foreigners,Dominican Republic,904,Latin America and the Caribbean,915,Caribbean,902,Developing regions,0,1,2,1,0,0,0,0,0,0,0,1,0,4,0,0,0,0,2,2,1,1,0,2,0,1,1,1,2,2,2,3,4,2
Immigrants,Foreigners,Ecuador,904,Latin America and the Caribbean,931,South America,902,Developing regions,4,10,2,0,1,2,8,4,10,18,20,9,3,6,5,0,5,6,8,7,5,10,21,9,6,1,22,32,33,58,80,77,34,46
Immigrants,Foreigners,Egypt,903,Africa,912,Northern Africa,902,Developing regions,7,21,16,30,33,15,15,45,7,10,9,14,9,17,59,265,353,133,84,73,79,75,69,93,82,65,72,60,88,69,68,83,83,129
Immigrants,Foreigners,El Salvador,904,Latin America and the Caribbean,916,Central America,902,Developing regions,1,3,1,0,4,0,2,1,4,1,4,3,2,3,1,1,9,1,1,1,3,5,1,2,0,0,0,0,4,3,2,4,8,3
Immigrants,Foreigners,Equatorial Guinea,903,Africa,911,Middle Africa,902,Developing regions,0,0,0,0,0,0,0,0,0,0,0,0,1,0,1,0,0,0,2,0,0,0,0,0,0,0,0,0,0,0,0,0,0,3
Immigrants,Foreigners,Eritrea,903,Africa,910,Eastern Africa,902,Developing regions,0,0,0,0,0,0,0,0,0,0,0,0,0,0,3,0,2,0,1,0,1,1,2,4,1,1,5,0,1,0,5,1,1,0
Immigrants,Foreigners,Estonia,908,Europe,924,Northern Europe,901,Developed regions,0,0,0,0,0,0,0,0,0,0,0,0,0,1,0,5,0,1,2,3,2,3,4,4,7,1,6,15,10,26,23,34,35,43
Immigrants,Foreigners,Ethiopia,903,Africa,910,Eastern Africa,902,Developing regions,0,2,5,12,25,17,4,5,12,7,3,8,3,11,6,18,23,35,165,68,105,74,84,133,91,71,30,73,62,25,55,50,66,46
Immigrants,Foreigners,Faeroe Islands,908,Europe,924,Northern Europe,901,Developed regions,0,0,0,0,0,0,1,0,0,0,1,1,0,3,1,0,2,3,1,0,1,3,1,1,0,4,1,0,1,0,1,3,1,1
Immigrants,Foreigners,Falkland Islands (Malvinas),904,Latin America and the Caribbean,931,South America,902,Developing regions,0,47,1,0,0,1,7,9,8,11,4,4,4,0,7,7,5,3,7,2,5,9,4,9,8,4,6,6,0,7,8,4,9,4
Immigrants,Foreigners,Fiji,909,Oceania,928,Melanesia,902,Developing regions,605,688,701,647,678,724,726,1919,2313,2148,1468,1107,1046,1145,1137,1298,1462,1459,1365,1432,1770,2616,2283,2258,2117,2808,2590,2786,3109,2768,1313,1133,1228,1210
Immigrants,Foreigners,Finland,908,Europe,924,Northern Europe,901,Developed regions,19,14,6,19,4,25,23,19,31,36,42,67,33,51,57,60,52,62,46,58,61,70,51,54,66,70,89,79,99,87,104,92,108,104
Immigrants,Foreigners,France,908,Europe,926,Western Europe,901,Developed regions,119,144,106,114,142,149,142,177,141,126,155,181,185,241,272,268,249,227,203,262,276,372,457,541,640,687,799,894,1105,1356,1288,1672,1634,2374
Immigrants,Foreigners,French Guiana,904,Latin America and the Caribbean,931,South America,902,Developing regions,0,3,0,0,0,0,0,0,0,1,0,0,0,0,0,0,1,0,0,0,0,0,0,0,0,0,0,0,0,0,0,0,0,1
Immigrants,Foreigners,French Polynesia,909,Oceania,957,Polynesia,902,Developing regions,49,24,9,20,11,18,19,31,15,19,26,9,17,25,38,18,28,31,25,25,33,42,53,30,49,37,59,36,33,28,32,34,30,47
Immigrants,Foreigners,Gabon,903,Africa,911,Middle Africa,902,Developing regions,0,0,0,0,0,0,0,0,2,2,2,0,0,0,0,0,0,0,0,0,1,0,0,0,0,1,78,1,0,1,0,0,0,0
Immigrants,Foreigners,Gambia,903,Africa,914,Western Africa,902,Developing regions,5,0,0,1,0,0,0,2,0,6,0,0,1,1,6,0,0,3,2,3,3,0,0,1,7,1,3,3,4,4,2,5,0,3
Immigrants,Foreigners,Georgia,935,Asia,922,Western Asia,902,Developing regions,0,0,0,0,0,0,0,0,0,0,0,0,0,0,5,15,14,4,9,3,1,2,6,9,0,2,10,2,1,5,2,2,5,3
Immigrants,Foreigners,Germany,908,Europe,926,Western Europe,901,Developed regions,283,383,436,401,309,311,455,488,455,478,551,440,441,554,794,734,771,693,575,548,541,784,1034,1171,1562,2080,2283,2447,2553,2550,2377,2655,2602,3295
Immigrants,Foreigners,Ghana,903,Africa,914,Western Africa,902,Developing regions,1,1,10,7,0,0,9,4,4,0,4,6,9,17,14,29,36,18,7,20,9,27,8,20,13,17,15,19,17,15,15,16,21,23
Immigrants,Foreigners,Gibraltar,908,Europe,925,Southern Europe,901,Developed regions,8,0,0,0,6,1,0,2,1,0,1,0,0,1,0,2,5,4,2,0,1,0,0,4,0,3,8,1,11,7,9,3,5,0
Immigrants,Foreigners,Greece,908,Europe,925,Southern Europe,901,Developed regions,91,94,101,61,55,182,65,85,49,135,146,62,102,71,58,60,58,57,39,55,35,42,34,32,34,33,35,36,31,41,35,43,81,90
Immigrants,Foreigners,Greenland,905,Northern America,905,Northern America,901,Developed regions,0,0,0,0,0,0,0,0,1,0,1,3,1,0,4,2,0,0,2,6,2,1,3,2,3,3,2,6,5,4,3,0,1,0
Immigrants,Foreigners,Grenada,904,Latin America and the Caribbean,915,Caribbean,902,Developing regions,0,0,0,0,0,0,0,0,0,0,0,1,1,3,1,1,0,1,0,1,0,1,1,1,0,0,1,0,3,2,0,1,3,1
Immigrants,Foreigners,Guadeloupe,904,Latin America and the Caribbean,915,Caribbean,902,Developing regions,1,0,0,0,0,0,0,0,0,0,0,0,0,0,7,3,2,0,0,0,1,0,0,2,0,0,0,1,0,0,1,0,1,3
Immigrants,Foreigners,Guam,909,Oceania,954,Micronesia,902,Developing regions,10,6,0,1,0,8,4,4,5,7,7,6,7,9,12,11,8,18,8,5,10,0,2,3,7,6,9,0,4,3,1,4,5,2
Immigrants,Foreigners,Guatemala,904,Latin America and the Caribbean,916,Central America,902,Developing regions,5,5,12,0,0,1,1,5,10,0,2,0,1,3,3,0,2,9,6,7,5,9,7,8,3,8,13,1,7,5,10,4,5,5
Immigrants,Foreigners,Guinea,903,Africa,914,Western Africa,902,Developing regions,0,0,0,0,4,0,4,0,0,0,0,0,0,0,1,0,1,0,0,3,0,0,1,0,0,0,0,0,0,0,0,1,3,2
Immigrants,Foreigners,Guinea-Bissau,903,Africa,914,Western Africa,902,Developing regions,0,0,1,0,1,0,0,0,0,0,0,0,0,1,0,0,0,0,0,0,0,0,0,0,0,0,0,0,0,0,1,0,0,0
Immigrants,Foreigners,Guyana,904,Latin America and the Caribbean,931,South America,902,Developing regions,0,1,0,0,1,1,0,10,1,3,5,0,0,2,3,0,3,8,4,1,1,0,1,1,1,2,11,2,4,1,4,3,0,5
Immigrants,Foreigners,Haiti,904,Latin America and the Caribbean,915,Caribbean,902,Developing regions,0,0,1,0,0,1,0,1,0,0,0,0,0,1,0,1,2,0,0,0,3,0,0,0,0,0,0,0,0,1,1,1,2,1
Immigrants,Foreigners,Holy See,908,Europe,925,Southern Europe,901,Developed regions,0,0,0,0,0,0,0,0,0,0,0,0,0,2,0,0,0,0,0,0,0,0,0,0,0,0,0,0,0,0,1,0,1,0
Immigrants,Foreigners,Honduras,904,Latin America and the Caribbean,916,Central America,902,Developing regions,0,0,0,0,4,4,7,6,2,0,2,1,6,0,1,4,2,2,1,0,2,3,0,1,4,0,3,6,4,1,3,2,2,5
Immigrants,Foreigners,Hungary,908,Europe,923,Eastern Europe,901,Developed regions,3,6,11,7,3,2,10,11,15,8,7,11,12,13,13,23,31,43,35,25,33,37,44,41,58,34,34,41,62,49,41,37,41,51
Immigrants,Foreigners,Iceland,908,Europe,924,Northern Europe,901,Developed regions,15,13,12,13,8,13,24,16,28,17,21,25,14,24,5,30,12,13,16,4,11,9,17,8,20,19,17,9,12,23,16,12,36,22
Immigrants,Foreigners,India,935,Asia,5501,Southern Asia,902,Developing regions,227,203,154,107,143,117,181,241,248,242,251,278,349,608,1059,1849,2491,1697,1466,1869,2525,4249,6860,5269,3052,2569,2743,4232,5923,6888,7509,6281,6392,6704
Immigrants,Foreigners,Indonesia,935,Asia,920,South-Eastern Asia,902,Developing regions,124,106,133,175,167,189,204,247,235,285,292,279,313,293,347,317,364,394,428,457,420,539,541,437,308,281,270,281,344,356,333,367,440,534
Immigrants,Foreigners,Iran (Islamic Republic of),935,Asia,5501,Southern Asia,902,Developing regions,20,6,3,4,11,12,12,28,20,121,130,206,125,35,79,122,94,67,57,48,54,100,76,103,179,163,89,92,109,147,171,150,185,209
Immigrants,Foreigners,Iraq,935,Asia,922,Western Asia,902,Developing regions,12,8,15,10,4,14,2,14,0,2,1,11,7,28,82,556,556,152,125,105,167,230,277,86,45,85,46,50,82,61,51,32,67,75
Immigrants,Foreigners,Ireland,908,Europe,924,Northern Europe,901,Developed regions,74,103,83,91,73,94,115,159,149,50,89,93,106,120,171,152,293,307,322,354,432,795,1256,1463,1467,1378,1227,1214,1370,1649,1302,1882,1674,1661
Immigrants,Foreigners,Israel,935,Asia,922,Western Asia,902,Developing regions,71,54,64,53,35,58,50,72,71,57,88,88,61,82,93,119,117,79,100,87,101,121,170,127,63,57,95,71,98,88,81,98,88,106
Immigrants,Foreigners,Italy,908,Europe,925,Southern Europe,901,Developed regions,104,90,73,95,59,38,74,53,73,50,60,56,84,90,74,100,100,105,76,84,63,99,152,126,155,153,166,176,200,221,195,286,328,500
Immigrants,Foreigners,Jamaica,904,Latin America and the Caribbean,915,Caribbean,902,Developing regions,4,9,8,3,15,5,8,18,4,2,2,4,7,4,6,7,5,13,2,3,8,4,6,4,9,8,3,6,6,10,3,8,11,12
Immigrants,Foreigners,Japan,935,Asia,906,Eastern Asia,901,Developed regions,238,261,288,348,370,457,568,815,1256,1575,1982,1997,2509,2483,3393,3581,4393,4519,4133,3796,3896,3920,4099,4096,3802,3471,3192,2659,2436,2161,1991,1996,1899,1947
Immigrants,Foreigners,Jordan,935,Asia,922,Western Asia,902,Developing regions,4,21,0,7,3,2,4,7,2,10,6,6,8,50,95,629,408,204,105,139,129,156,154,183,19,160,71,81,97,52,51,64,64,72
Immigrants,Foreigners,Kazakhstan,935,Asia,5500,Central Asia,902,Developing regions,0,0,0,0,0,0,0,0,0,0,0,0,0,0,0,19,26,41,26,18,14,15,10,21,8,21,18,30,19,27,25,26,30,35
Immigrants,Foreigners,Kenya,903,Africa,910,Eastern Africa,902,Developing regions,39,25,55,26,28,23,24,25,34,37,33,36,17,115,361,301,118,328,212,246,207,161,135,148,129,153,93,60,63,102,49,58,65,59
Immigrants,Foreigners,Kiribati,909,Oceania,954,Micronesia,902,Developing regions,12,17,22,26,22,19,12,22,43,35,23,27,36,28,38,57,77,43,50,30,37,49,20,20,43,30,79,93,58,77,29,69,33,61
Immigrants,Foreigners,Kuwait,935,Asia,922,Western Asia,902,Developing regions,8,5,19,10,8,10,6,24,15,4,11,17,10,68,70,170,113,112,101,77,30,49,68,37,26,43,32,37,67,27,87,119,104,72
Immigrants,Foreigners,Kyrgyzstan,935,Asia,5500,Central Asia,902,Developing regions,0,0,0,0,0,0,0,0,0,0,0,0,0,0,4,5,0,4,5,8,2,4,4,1,7,4,6,1,3,2,5,7,4,8
Immigrants,Foreigners,Lao People's Democratic Republic,935,Asia,920,South-Eastern Asia,902,Developing regions,163,53,0,1,0,0,0,2,1,1,2,1,5,5,6,12,8,13,13,11,12,14,19,15,9,8,13,14,40,27,20,20,41,52
Immigrants,Foreigners,Latvia,908,Europe,924,Northern Europe,901,Developed regions,0,0,1,0,0,0,0,0,0,0,0,0,4,3,0,6,9,6,5,5,10,3,7,8,15,5,3,6,10,16,26,22,33,22
Immigrants,Foreigners,Lebanon,935,Asia,922,Western Asia,902,Developing regions,5,6,5,2,2,2,17,15,4,6,15,9,7,3,15,15,19,25,8,11,19,18,9,18,12,13,20,13,13,18,12,16,94,20
Immigrants,Foreigners,Lesotho,903,Africa,913,Southern Africa,902,Developing regions,6,11,9,5,0,2,3,0,1,4,0,4,0,0,4,6,0,2,0,4,1,5,3,1,0,3,2,1,1,0,4,1,2,0
Immigrants,Foreigners,Liberia,903,Africa,914,Western Africa,902,Developing regions,2,2,0,2,0,0,0,0,4,0,1,2,0,0,0,0,2,1,3,1,0,0,0,0,0,4,3,3,4,2,1,0,2,0
Immigrants,Foreigners,Libya,903,Africa,912,Northern Africa,902,Developing regions,24,10,2,13,7,2,4,3,2,1,2,2,1,4,4,80,63,73,23,15,10,15,2,1,0,2,6,0,5,2,14,12,4,13
Immigrants,Foreigners,Liechtenstein,908,Europe,926,Western Europe,901,Developed regions,0,0,0,0,0,0,0,0,2,0,0,0,0,1,0,0,1,1,0,0,0,1,0,0,0,0,1,0,0,1,1,1,0,0
Immigrants,Foreigners,Lithuania,908,Europe,924,Northern Europe,901,Developed regions,0,0,0,0,0,0,0,0,0,0,0,0,0,5,0,1,1,0,0,2,3,1,0,11,8,9,2,5,6,6,4,6,4,3
Immigrants,Foreigners,Luxembourg,908,Europe,926,Western Europe,901,Developed regions,6,4,1,4,10,4,2,2,1,0,1,2,4,0,6,3,2,6,5,5,16,4,6,16,12,4,7,7,8,3,11,6,11,17
Immigrants,Foreigners,Madagascar,903,Africa,910,Eastern Africa,902,Developing regions,0,0,0,0,0,0,0,0,0,1,0,0,0,1,0,2,0,0,13,0,3,0,3,0,0,1,0,2,0,3,0,0,7,1
Immigrants,Foreigners,Malawi,903,Africa,910,Eastern Africa,902,Developing regions,21,3,1,20,1,9,5,19,15,8,7,15,9,2,12,23,10,14,18,15,14,7,4,6,4,9,10,14,22,14,0,7,10,10
Immigrants,Foreigners,Malaysia,935,Asia,920,South-Eastern Asia,902,Developing regions,459,481,520,564,444,504,513,892,1202,1199,1307,1129,1480,1925,1924,2130,2104,1832,1152,963,856,1324,1447,1275,1050,1109,1413,1572,1395,1357,1355,1436,1169,1083
Immigrants,Foreigners,Maldives,935,Asia,5501,Southern Asia,902,Developing regions,0,0,4,0,7,2,2,7,1,3,5,8,3,6,5,15,14,19,10,14,24,35,27,40,40,22,33,36,25,34,39,18,15,23
Immigrants,Foreigners,Mali,903,Africa,914,Western Africa,902,Developing regions,0,0,0,0,0,0,4,1,0,0,0,1,0,0,0,0,0,0,0,0,0,0,0,0,0,0,1,0,1,0,1,0,0,0
Immigrants,Foreigners,Malta,908,Europe,925,Southern Europe,901,Developed regions,7,3,6,1,0,3,2,16,10,4,3,3,1,6,10,5,10,12,9,18,12,9,3,9,17,14,10,7,7,3,11,15,9,10
Immigrants,Foreigners,Marshall Islands,909,Oceania,954,Micronesia,902,Developing regions,0,0,0,0,0,0,0,0,6,5,7,9,8,7,11,13,11,5,7,7,7,5,2,3,1,10,1,6,6,1,2,6,6,14
Immigrants,Foreigners,Martinique,904,Latin America and the Caribbean,915,Caribbean,902,Developing regions,0,0,0,0,0,0,0,0,0,1,0,1,0,1,0,0,0,0,0,0,0,0,0,0,0,0,1,0,3,0,0,0,0,0
Immigrants,Foreigners,Mauritania,903,Africa,914,Western Africa,902,Developing regions,0,0,0,0,0,2,0,0,0,1,1,1,1,0,0,0,0,4,0,0,0,0,0,0,0,0,0,0,0,0,0,0,0,0
Immigrants,Foreigners,Mauritius,903,Africa,910,Eastern Africa,902,Developing regions,2,0,0,4,6,4,4,1,0,0,2,9,3,2,9,5,11,5,9,8,8,9,14,6,24,26,24,44,37,37,16,23,11,17
Immigrants,Foreigners,Mayotte,903,Africa,910,Eastern Africa,902,Developing regions,0,0,0,0,0,0,0,0,0,0,0,0,0,0,0,1,0,0,0,0,0,0,0,0,0,0,0,0,0,0,0,0,0,0
Immigrants,Foreigners,Mexico,904,Latin America and the Caribbean,916,Central America,902,Developing regions,7,11,22,19,17,23,18,13,17,12,7,42,20,23,29,48,41,45,53,33,36,39,41,71,46,79,61,70,83,129,159,165,203,196
Immigrants,Foreigners,Micronesia (Federated States of),909,Oceania,954,Micronesia,902,Developing regions,1,6,19,28,9,3,3,1,1,1,4,2,0,0,3,10,9,9,6,8,4,4,4,3,1,1,0,3,2,3,0,6,2,3
Immigrants,Foreigners,Monaco,908,Europe,926,Western Europe,901,Developed regions,2,0,0,1,0,0,0,0,0,1,1,1,0,1,4,1,0,0,1,0,0,2,0,3,2,2,1,4,1,2,0,1,8,2
Immigrants,Foreigners,Mongolia,935,Asia,906,Eastern Asia,902,Developing regions,0,0,0,0,0,0,0,0,0,0,0,0,0,0,6,10,13,3,7,4,4,10,6,16,18,10,7,11,18,15,22,15,15,11
Immigrants,Foreigners,Montenegro,908,Europe,925,Southern Europe,901,Developed regions,0,0,0,0,0,0,0,0,0,0,0,0,0,0,0,0,0,0,0,0,0,0,0,0,0,0,0,0,0,0,4,0,3,1
Immigrants,Foreigners,Montserrat,904,Latin America and the Caribbean,915,Caribbean,902,Developing regions,0,0,0,0,0,0,0,0,0,0,6,0,0,0,0,0,0,0,0,0,0,1,0,0,2,0,0,0,1,0,0,0,0,0
Immigrants,Foreigners,Morocco,903,Africa,912,Northern Africa,902,Developing regions,0,1,2,0,2,2,1,3,2,0,2,4,1,1,0,6,3,2,2,14,1,2,5,11,3,3,5,5,7,8,8,15,17,11
Immigrants,Foreigners,Mozambique,903,Africa,910,Eastern Africa,902,Developing regions,2,1,0,1,0,2,2,0,0,0,0,1,5,3,1,1,12,2,7,5,6,9,15,11,4,5,5,5,2,5,6,0,3,4
Immigrants,Foreigners,Myanmar,935,Asia,920,South-Eastern Asia,902,Developing regions,3,3,4,4,2,0,1,6,16,24,7,2,4,8,5,2,19,10,13,10,15,7,22,14,15,12,20,22,25,16,34,20,22,26
Immigrants,Foreigners,Namibia,903,Africa,913,Southern Africa,902,Developing regions,5,6,1,8,2,1,4,0,0,4,5,2,6,4,8,10,18,32,29,23,24,23,41,16,13,18,15,18,15,22,12,8,16,3
Immigrants,Foreigners,Nauru,909,Oceania,954,Micronesia,902,Developing regions,97,76,65,47,25,16,5,15,10,16,14,12,10,15,14,16,16,6,6,3,7,2,68,13,29,1,4,1,1,2,2,1,9,15
Immigrants,Foreigners,Nepal,935,Asia,5501,Southern Asia,902,Developing regions,15,17,11,13,4,7,12,21,17,8,13,7,29,25,17,93,96,61,58,35,26,83,48,48,28,50,60,48,195,196,310,236,187,309
Immigrants,Foreigners,Netherlands,908,Europe,926,Western Europe,901,Developed regions,1222,1477,1652,1112,742,602,667,699,867,750,670,533,532,653,553,508,508,375,409,354,417,521,619,675,579,698,789,562,472,448,473,475,475,536
Immigrants,Foreigners,New Caledonia,909,Oceania,928,Melanesia,902,Developing regions,25,31,38,30,19,35,31,36,22,24,27,20,47,43,50,67,34,20,21,26,23,42,35,55,40,38,33,31,37,32,44,52,64,79
Immigrants,Foreigners,Nicaragua,904,Latin America and the Caribbean,916,Central America,902,Developing regions,0,0,0,0,0,0,0,0,2,2,1,1,0,3,0,0,1,0,5,0,0,2,0,4,0,2,0,1,1,4,13,3,3,1
Immigrants,Foreigners,Niger,903,Africa,914,Western Africa,902,Developing regions,0,0,1,0,2,0,1,3,0,0,2,3,1,1,2,8,2,2,0,2,0,1,1,8,0,2,2,7,7,2,0,1,11,1
Immigrants,Foreigners,Nigeria,903,Africa,914,Western Africa,902,Developing regions,22,12,27,19,17,28,15,11,9,9,3,11,5,7,17,48,20,27,21,18,17,27,32,41,24,40,43,32,42,30,28,42,31,35
Immigrants,Foreigners,Niue,909,Oceania,957,Polynesia,902,Developing regions,168,134,169,154,141,146,201,180,159,87,109,97,111,82,84,85,119,107,77,95,89,65,77,75,72,55,70,66,60,51,33,35,48,30
Immigrants,Foreigners,Northern Mariana Islands,909,Oceania,954,Micronesia,902,Developing regions,0,0,0,0,0,0,0,0,2,0,2,0,0,2,1,5,0,4,3,0,2,0,3,1,1,2,5,0,8,0,2,1,0,1
Immigrants,Foreigners,Norway,908,Europe,924,Northern Europe,901,Developed regions,20,30,46,23,38,22,36,40,37,73,81,92,107,84,78,97,83,66,80,83,76,94,123,108,121,97,84,77,57,92,98,115,120,115
Immigrants,Foreigners,Oman,935,Asia,922,Western Asia,902,Developing regions,15,7,22,18,43,43,38,78,39,24,12,4,23,57,51,106,79,66,66,43,46,142,127,148,137,116,79,63,91,62,67,56,90,77
Immigrants,Foreigners,Pakistan,935,Asia,5501,Southern Asia,902,Developing regions,15,49,18,21,16,26,38,49,105,87,70,64,68,55,105,107,158,131,169,315,346,400,395,250,223,125,138,163,235,234,275,273,252,319
Immigrants,Foreigners,Palau,909,Oceania,954,Micronesia,902,Developing regions,0,0,0,0,0,0,0,0,2,0,0,2,0,0,1,2,1,3,1,6,0,0,3,4,0,3,1,2,3,1,6,4,3,2
Immigrants,Foreigners,Panama,904,Latin America and the Caribbean,916,Central America,902,Developing regions,2,3,0,2,6,1,5,5,3,1,0,1,0,1,1,2,1,0,3,0,4,5,6,5,4,3,4,5,9,9,5,7,0,6
Immigrants,Foreigners,Papua New Guinea,909,Oceania,928,Melanesia,902,Developing regions,663,654,734,849,776,639,552,565,431,363,512,339,410,356,409,459,356,302,220,240,200,159,311,165,133,163,175,103,119,159,124,156,188,159
Immigrants,Foreigners,Paraguay,904,Latin America and the Caribbean,931,South America,902,Developing regions,8,0,0,5,2,2,3,0,0,4,1,5,4,11,16,19,22,11,8,11,13,8,13,10,12,9,7,13,4,3,7,10,4,4
Immigrants,Foreigners,Peru,904,Latin America and the Caribbean,931,South America,902,Developing regions,12,28,25,16,10,13,20,15,13,22,20,10,9,9,17,8,20,21,13,11,10,19,32,14,44,35,30,39,32,32,39,48,50,53
Immigrants,Foreigners,Philippines,935,Asia,920,South-Eastern Asia,902,Developing regions,115,131,145,155,184,200,264,304,255,328,407,394,261,405,441,706,1068,748,561,608,606,807,1162,893,597,844,2533,3374,3851,2665,1932,2228,2449,2660
Immigrants,Foreigners,Poland,908,Europe,923,Eastern Europe,901,Developed regions,10,96,59,7,17,15,20,13,10,31,23,21,27,55,58,87,66,55,42,34,41,32,45,46,43,34,38,35,17,40,53,34,32,78
Immigrants,Foreigners,Portugal,908,Europe,925,Southern Europe,901,Developed regions,2,4,4,2,2,8,8,7,4,2,7,18,4,7,18,15,14,9,6,3,9,14,6,14,22,8,19,23,21,10,18,15,38,35
Immigrants,Foreigners,Puerto Rico,904,Latin America and the Caribbean,915,Caribbean,902,Developing regions,0,0,2,0,0,0,4,5,1,2,0,0,0,0,5,1,10,4,0,0,0,0,2,0,1,0,0,2,0,1,1,0,1,2
Immigrants,Foreigners,Qatar,935,Asia,922,Western Asia,902,Developing regions,8,9,5,10,1,3,4,1,13,4,3,0,5,9,16,34,40,16,27,9,17,34,30,26,27,18,28,44,78,53,80,102,119,149
Immigrants,Foreigners,Republic of Korea,935,Asia,906,Eastern Asia,902,Developing regions,30,69,29,56,49,88,180,199,373,306,460,650,847,2533,3019,3953,3161,1293,723,694,1077,2420,3503,3228,2204,1769,1896,2068,1908,2136,1983,1727,1584,1846
Immigrants,Foreigners,Republic of Moldova,908,Europe,923,Eastern Europe,901,Developed regions,0,0,0,0,0,0,0,0,0,0,0,0,0,0,0,13,2,5,2,0,5,8,8,0,6,2,1,1,3,0,5,0,4,3
Immigrants,Foreigners,R??union,903,Africa,910,Eastern Africa,902,Developing regions,0,0,0,0,0,0,0,0,0,0,0,0,0,0,1,1,1,1,0,3,1,0,1,1,0,1,1,1,1,2,1,6,3,3
Immigrants,Foreigners,Romania,908,Europe,923,Eastern Europe,901,Developed regions,0,3,3,8,16,1,2,4,5,4,62,82,14,13,13,14,20,20,19,31,81,144,269,213,149,202,178,118,42,33,53,49,43,42
Immigrants,Foreigners,Russian Federation,908,Europe,923,Eastern Europe,901,Developed regions,0,0,0,0,0,0,0,0,0,0,0,0,0,58,174,419,461,259,165,199,223,340,388,300,246,278,261,247,283,257,298,327,325,350
Immigrants,Foreigners,Rwanda,903,Africa,910,Eastern Africa,902,Developing regions,0,0,0,0,0,0,0,0,0,0,0,0,0,0,0,1,0,1,0,2,0,1,0,1,2,1,0,8,2,0,8,1,3,2
Immigrants,Foreigners,Saint Helena,903,Africa,914,Western Africa,902,Developing regions,1,0,0,0,0,0,0,0,0,0,0,0,0,2,3,1,2,1,0,0,0,0,4,0,3,0,0,0,0,1,6,1,0,0
Immigrants,Foreigners,Saint Kitts and Nevis,904,Latin America and the Caribbean,915,Caribbean,902,Developing regions,0,0,0,0,0,0,0,0,0,0,0,0,0,0,0,0,0,0,1,3,0,0,0,3,1,4,0,0,3,0,0,0,0,0
Immigrants,Foreigners,Saint Lucia,904,Latin America and the Caribbean,915,Caribbean,902,Developing regions,3,0,1,0,0,5,2,5,1,2,0,6,0,0,8,1,1,2,4,1,0,1,3,2,1,3,9,2,0,4,3,0,2,4
Immigrants,Foreigners,Saint Pierre and Miquelon,905,Northern America,905,Northern America,901,Developed regions,0,0,0,0,0,1,0,0,0,0,0,0,0,0,0,0,0,0,0,0,0,0,0,0,0,0,0,0,0,0,0,0,0,0
Immigrants,Foreigners,Saint Vincent and the Grenadines,904,Latin America and the Caribbean,915,Caribbean,902,Developing regions,0,2,0,0,0,0,1,0,0,0,0,0,0,1,0,2,2,2,0,0,1,0,0,1,3,1,3,3,12,1,3,1,0,1
Immigrants,Foreigners,Samoa,909,Oceania,957,Polynesia,902,Developing regions,1210,976,1072,954,1553,1573,1663,1840,1838,1055,1156,772,836,840,1185,1783,1500,1327,1155,1118,1515,1222,1008,1067,1093,1720,1569,1450,1501,1573,1333,1614,1494,1421
Immigrants,Foreigners,San Marino,908,Europe,925,Southern Europe,901,Developed regions,0,0,0,0,0,0,0,0,0,0,0,0,0,0,0,0,1,0,0,1,0,0,0,0,0,0,0,0,0,0,0,0,0,0
Immigrants,Foreigners,Sao Tome and Principe,903,Africa,911,Middle Africa,902,Developing regions,0,0,0,0,0,0,0,0,0,0,0,0,0,0,0,0,0,0,0,0,0,0,0,0,0,0,0,0,0,0,1,0,0,0
Immigrants,Foreigners,Saudi Arabia,935,Asia,922,Western Asia,902,Developing regions,65,70,67,69,77,122,94,103,83,53,81,43,68,90,203,277,165,173,109,138,148,186,183,214,214,198,164,501,623,601,606,591,428,407
Immigrants,Foreigners,Senegal,903,Africa,914,Western Africa,902,Developing regions,0,0,0,4,0,0,2,1,0,0,0,0,0,0,0,1,1,7,0,1,1,4,0,8,0,4,0,1,4,2,0,3,0,0
Immigrants,Foreigners,Serbia,908,Europe,925,Southern Europe,901,Developed regions,0,0,0,0,0,0,0,0,0,0,0,0,0,0,0,0,0,0,0,0,0,0,0,0,0,0,0,0,3,24,21,33,27,41
Immigrants,Foreigners,Seychelles,903,Africa,910,Eastern Africa,902,Developing regions,3,1,0,1,8,7,8,2,6,0,1,1,1,0,1,7,5,0,18,11,11,9,8,10,20,11,7,4,17,17,8,6,5,3
Immigrants,Foreigners,Sierra Leone,903,Africa,914,Western Africa,902,Developing regions,0,0,3,0,0,3,1,2,0,0,4,0,0,0,1,2,5,10,4,2,2,0,0,5,1,6,1,5,3,0,2,2,0,9
Immigrants,Foreigners,Singapore,935,Asia,920,South-Eastern Asia,902,Developing regions,1111,964,1007,843,844,725,958,1376,1042,1348,362,384,485,497,673,756,671,605,530,600,505,583,703,687,644,557,612,631,702,492,609,612,884,934
Immigrants,Foreigners,Slovakia,908,Europe,923,Eastern Europe,901,Developed regions,0,0,0,0,0,0,0,0,0,0,0,0,0,0,8,24,30,15,12,7,13,9,18,15,10,8,3,23,25,19,12,26,40,58
Immigrants,Foreigners,Slovenia,908,Europe,925,Southern Europe,901,Developed regions,0,0,0,0,0,0,0,0,0,0,0,0,0,23,12,36,8,5,7,6,5,7,4,12,3,5,1,5,8,8,17,48,47,42
Immigrants,Foreigners,Solomon Islands,909,Oceania,928,Melanesia,902,Developing regions,82,93,71,73,78,91,68,95,68,85,138,99,71,94,99,84,128,115,99,94,152,94,82,92,43,68,85,70,96,98,73,100,80,52
Immigrants,Foreigners,Somalia,903,Africa,910,Eastern Africa,902,Developing regions,0,1,2,2,2,2,1,8,3,5,1,5,8,14,1,11,15,37,56,32,87,49,45,4,12,13,6,18,10,2,8,12,5,6
Immigrants,Foreigners,South Africa,903,Africa,913,Southern Africa,902,Developing regions,285,244,328,290,267,308,674,702,350,207,189,248,324,1069,3064,1927,2337,2904,2447,2436,2371,3086,3053,1882,1391,1492,1850,2127,3159,1838,1300,1254,1174,1285
Immigrants,Foreigners,Spain,908,Europe,925,Southern Europe,901,Developed regions,51,31,17,26,14,15,23,28,25,27,32,23,62,62,40,56,51,58,56,58,64,96,94,116,115,100,135,167,164,190,205,271,264,396
Immigrants,Foreigners,Sri Lanka,935,Asia,5501,Southern Asia,902,Developing regions,23,33,26,29,75,65,81,69,96,68,139,103,75,252,340,763,861,626,420,449,459,526,547,375,310,269,283,385,587,481,529,605,674,634
Immigrants,Foreigners,State of Palestine,935,Asia,922,Western Asia,902,Developing regions,0,0,0,0,0,0,0,0,0,0,0,0,0,0,0,0,0,0,0,2,6,3,6,0,6,1,5,2,5,1,12,5,11,14
Immigrants,Foreigners,Sudan,903,Africa,912,Northern Africa,902,Developing regions,11,6,5,2,6,0,6,4,4,0,1,1,2,2,21,44,102,31,277,89,61,45,29,19,23,19,21,9,114,44,23,6,13,20
Immigrants,Foreigners,Suriname,904,Latin America and the Caribbean,931,South America,902,Developing regions,1,3,0,0,0,2,0,0,0,0,0,0,2,0,0,0,0,0,1,8,0,0,0,1,2,6,2,0,0,2,2,1,4,0
Immigrants,Foreigners,Swaziland,903,Africa,913,Southern Africa,902,Developing regions,7,8,5,8,5,6,11,8,0,0,0,1,0,6,2,5,4,0,5,5,1,7,2,15,7,5,3,11,8,0,2,0,5,0
Immigrants,Foreigners,Sweden,908,Europe,924,Northern Europe,901,Developed regions,77,52,61,36,44,51,118,149,129,206,100,186,153,127,142,113,157,166,135,167,181,211,228,207,250,237,236,265,318,316,285,357,331,367
Immigrants,Foreigners,Switzerland,908,Europe,926,Western Europe,901,Developed regions,211,176,209,193,197,167,194,223,192,193,235,287,248,247,361,368,281,323,263,239,240,289,338,300,300,292,270,285,263,309,225,238,273,296
Immigrants,Foreigners,Syrian Arab Republic,935,Asia,922,Western Asia,902,Developing regions,11,1,2,0,0,0,3,13,2,4,0,1,13,121,5,291,12,311,10,15,13,64,41,9,22,34,20,34,162,47,43,44,36,74
Immigrants,Foreigners,Tajikistan,935,Asia,5500,Central Asia,902,Developing regions,0,0,0,0,0,0,0,0,0,0,0,0,0,0,0,0,0,0,6,1,2,13,1,11,1,2,1,2,2,16,1,4,2,1
Immigrants,Foreigners,Thailand,935,Asia,920,South-Eastern Asia,902,Developing regions,125,199,428,551,549,568,543,764,624,395,463,483,549,420,727,747,688,551,354,423,654,643,712,747,619,585,920,1004,833,874,823,833,900,817
Immigrants,Foreigners,The former Yugoslav Republic of Macedonia,908,Europe,925,Southern Europe,901,Developed regions,0,0,0,0,0,0,0,0,0,0,0,0,0,1,37,157,379,94,44,36,27,58,42,26,22,43,33,11,27,17,12,8,21,18
Immigrants,Foreigners,Timor-Leste,935,Asia,920,South-Eastern Asia,902,Developing regions,0,0,0,0,0,0,0,0,0,0,0,0,0,0,0,0,0,0,0,0,0,5,8,12,3,4,7,9,11,13,33,34,37,30
Immigrants,Foreigners,Togo,903,Africa,914,Western Africa,902,Developing regions,0,0,0,0,0,0,0,0,0,2,0,0,0,0,5,5,0,3,0,0,0,2,0,1,0,0,0,0,0,0,1,0,0,0
Immigrants,Foreigners,Tokelau,909,Oceania,957,Polynesia,902,Developing regions,29,39,21,26,15,22,30,54,57,51,54,42,35,25,64,61,49,67,40,24,38,27,25,49,67,61,31,35,67,47,46,29,41,41
Immigrants,Foreigners,Tonga,909,Oceania,957,Polynesia,902,Developing regions,244,233,212,282,408,298,315,411,389,368,326,266,317,408,424,481,475,521,566,562,577,580,517,602,756,925,921,711,785,620,673,620,536,641
Immigrants,Foreigners,Trinidad and Tobago,904,Latin America and the Caribbean,915,Caribbean,902,Developing regions,5,6,9,0,1,0,0,5,8,2,2,4,2,1,0,3,4,3,1,8,4,6,3,5,9,10,8,10,7,6,7,8,5,15
Immigrants,Foreigners,Tunisia,903,Africa,912,Northern Africa,902,Developing regions,1,0,0,0,6,1,2,0,0,0,0,2,0,1,5,0,1,0,0,0,8,7,1,1,4,1,4,1,0,1,5,1,0,4
Immigrants,Foreigners,Turkey,935,Asia,922,Western Asia,902,Developing regions,12,1,1,1,12,6,6,15,11,20,14,26,28,47,60,47,51,56,31,46,44,65,64,53,49,52,54,46,73,65,68,76,63,63
Immigrants,Foreigners,Turkmenistan,935,Asia,5500,Central Asia,902,Developing regions,0,0,0,0,0,0,0,0,0,0,0,0,0,0,0,0,0,0,0,0,0,0,0,0,5,0,4,0,0,0,0,0,0,0
Immigrants,Foreigners,Turks and Caicos Islands,904,Latin America and the Caribbean,915,Caribbean,902,Developing regions,0,0,0,0,0,0,0,0,0,0,0,0,0,0,8,2,1,1,0,0,0,0,2,4,3,0,1,5,3,2,4,6,0,5
Immigrants,Foreigners,Tuvalu,909,Oceania,957,Polynesia,902,Developing regions,6,7,3,16,8,20,22,14,17,16,25,10,29,19,26,25,37,28,46,13,34,25,29,25,25,23,38,36,28,40,38,24,45,70
Immigrants,Foreigners,Uganda,903,Africa,910,Eastern Africa,902,Developing regions,0,2,4,1,1,1,2,0,3,0,4,12,7,7,7,6,7,9,12,15,4,21,12,10,7,13,3,7,56,80,29,12,12,4
Immigrants,Foreigners,Ukraine,908,Europe,923,Eastern Europe,901,Developed regions,0,4,0,0,0,0,0,0,0,0,0,0,83,18,24,179,110,105,56,41,58,78,106,69,40,47,54,44,37,35,40,58,70,73
Immigrants,Foreigners,United Arab Emirates,935,Asia,922,Western Asia,902,Developing regions,30,53,36,36,23,53,48,45,68,43,30,21,44,69,166,362,296,260,284,214,266,373,431,378,401,346,249,310,302,471,536,572,552,523
Immigrants,Foreigners,United Kingdom of Great Britain and Northern Ireland,908,Europe,924,Northern Europe,901,Developed regions,11079,12406,11001,8322,6575,7505,10670,12092,11285,10333,12013,11779,10858,11510,13016,14382,14964,13002,12359,14512,13938,16844,18835,21317,20981,22013,22695,19381,18655,17391,14341,14633,13990,13938
Immigrants,Foreigners,United Republic of Tanzania,903,Africa,910,Eastern Africa,902,Developing regions,30,34,27,7,3,6,8,15,15,19,15,18,14,25,30,42,16,33,52,29,22,26,28,19,19,103,24,34,32,56,41,39,19,25
Immigrants,Foreigners,United States of America,905,Northern America,905,Northern America,901,Developed regions,2073,2213,2337,2155,1930,2094,2307,2583,2077,2165,2314,2179,2321,2354,2934,3013,2912,2785,2452,2543,2516,2782,3244,3573,3451,3674,3636,3540,3658,3562,3491,3714,3607,3894
Immigrants,Foreigners,United States Virgin Islands,904,Latin America and the Caribbean,915,Caribbean,902,Developing regions,1,0,0,1,0,1,0,0,2,1,3,0,1,0,0,0,0,1,1,2,0,0,0,0,0,1,0,3,0,0,1,0,0,0
Immigrants,Foreigners,Uruguay,904,Latin America and the Caribbean,931,South America,902,Developing regions,2,4,2,2,4,1,1,3,5,0,0,7,7,4,6,10,17,20,13,6,12,5,16,8,19,28,43,43,100,86,112,147,134,156
Immigrants,Foreigners,Uzbekistan,935,Asia,5500,Central Asia,902,Developing regions,0,0,0,0,0,0,0,0,0,0,0,0,0,0,0,1,4,2,6,2,4,10,20,15,16,8,5,3,7,14,2,5,8,13
Immigrants,Foreigners,Vanuatu,909,Oceania,928,Melanesia,902,Developing regions,40,38,38,61,65,45,32,44,48,65,62,70,67,53,79,86,74,51,70,51,66,68,51,78,43,69,58,41,68,71,102,82,103,82
Immigrants,Foreigners,Venezuela (Bolivarian Republic of),904,Latin America and the Caribbean,931,South America,902,Developing regions,10,6,16,19,1,9,9,8,5,27,2,4,3,6,7,6,3,10,7,21,9,10,7,11,8,11,5,14,11,10,11,13,9,9
Immigrants,Foreigners,Viet Nam,935,Asia,920,South-Eastern Asia,902,Developing regions,1240,175,82,151,223,139,192,46,107,619,295,300,101,28,47,58,51,99,70,73,183,312,352,326,235,267,259,318,446,514,612,512,533,539
Immigrants,Foreigners,Wallis and Futuna Islands,909,Oceania,957,Polynesia,902,Developing regions,0,0,0,0,0,0,0,0,0,0,0,0,0,0,1,1,2,1,0,1,0,0,0,0,0,0,2,1,4,1,1,0,2,8
Immigrants,Foreigners,Western Sahara,903,Africa,912,Northern Africa,902,Developing regions,0,0,0,0,0,0,0,0,0,0,0,0,0,0,0,0,0,0,1,0,0,0,1,0,0,0,0,0,0,0,0,0,0,1
Immigrants,Foreigners,Yemen,935,Asia,922,Western Asia,902,Developing regions,0,1,3,1,0,1,6,1,0,0,2,0,4,2,17,142,169,54,55,29,12,10,11,9,7,2,3,7,18,1,8,1,4,17
Immigrants,Foreigners,Zambia,903,Africa,910,Eastern Africa,902,Developing regions,27,25,29,21,23,18,22,28,21,30,26,40,24,42,135,128,96,57,61,40,23,16,29,33,33,36,45,35,64,51,44,29,53,17
Immigrants,Foreigners,Zimbabwe,903,Africa,910,Eastern Africa,902,Developing regions,79,63,71,49,55,45,60,55,69,57,43,45,36,70,94,130,81,31,42,57,250,476,527,413,334,257,274,264,348,199,118,92,66,62
Immigrants,Foreigners,Unknown,999,World,999,World,999,World,4601,4367,4764,3678,3537,3291,2912,2131,4051,5020,5372,4214,4276,5111,4223,6748,7712,5603,4451,3751,2810,3269,4238,3589,4100,3069,3210,3249,2987,2447,3033,3859,4467,4463
Immigrants,Foreigners,Total,999,World,999,World,999,World,45256,45036,45675,42156,37053,35395,41629,48373,46529,49260,56482,50578,48144,55081,64382,77563,79005,67636,58220,59743,62994,81094,95951,92660,80479,78963,82732,82572,87463,86410,82469,84187,85255,93965
